provincia,latitud_desaparicion,longitud_desaparicion,edad_aproximada,rango_edad,sexo,motivo_desaparcion,motivo_desaparcion_observada,fecha_desaparicion,situacion_actual,fecha_localizacion,latitud_encontrado,longitud_encontrado
MANABI,-0.92367,-80.45085,38,Adultos,MUJER,SIN_DATO,SIN_DATO,13/10/2024,DESAPARECIDO,SIN_DATO,SIN_DATO,SIN_DATO
MANABI,-0.92367,-80.45085,1,Niños,HOMBRE,SIN_DATO,SIN_DATO,13/10/2024,DESAPARECIDO,SIN_DATO,SIN_DATO,SIN_DATO
DMQ,-0.24527,-78.52349,13,Adolescentes,MUJER,CAUSAS PERSONALES,CIRCUNSTANCIAL,4/10/2024,ENCONTRADO,05/10/2024,-0.24182,-78.52775
DMG,-2.14317,-79.87945,8,Niños,HOMBRE,CAUSAS FAMILIARES,NO RELACIONADOS A VIOLENCIA,12/10/2024,ENCONTRADO,14/10/2024,-2.21954,-79.93968
DMQ,-0.21930,-78.52154,18,Jóvenes adultos,HOMBRE,SIN_DATO,SIN_DATO,19/10/2024,DESAPARECIDO,SIN_DATO,SIN_DATO,SIN_DATO
AZUAY,-2.88966,-79.02146,16,Adolescentes,MUJER,CAUSAS PERSONALES,RELACIÓN AFECTIVA,4/10/2024,ENCONTRADO,29/10/2024,-2.90514,-79.02739
DMG,-2.13468,-79.88428,13,Adolescentes,MUJER,SIN_DATO,SIN_DATO,12/10/2024,DESAPARECIDO,SIN_DATO,SIN_DATO,SIN_DATO
AZUAY,-2.92882,-79.04572,17,Adolescentes,HOMBRE,CAUSAS SOCIALES,DROGADICCIÓN,22/10/2024,ENCONTRADO,25/10/2024,-2.92873,-79.04537
EL ORO,-3.25914,-79.96190,18,Jóvenes adultos,HOMBRE,CAUSAS FAMILIARES,NO RELACIONADOS A VIOLENCIA,20/10/2024,ENCONTRADO,28/10/2024,-3.25760,-79.95658
PICHINCHA,-0.41812,-78.51497,15,Adolescentes,MUJER,SIN_DATO,SIN_DATO,23/10/2024,DESAPARECIDO,SIN_DATO,SIN_DATO,SIN_DATO
DMQ,-0.27977,-78.51497,15,Adolescentes,MUJER,SIN_DATO,SIN_DATO,27/10/2024,DESAPARECIDO,SIN_DATO,SIN_DATO,SIN_DATO
DMQ,-0.12241,-78.46525,7,Niños,HOMBRE,EXTRAVIADO - AUSENCIA TEMPORAL,ACCIDENTAL POR DESCUIDO  ,10/10/2024,ENCONTRADO,10/10/2024,-0.15482,-78.48682
CHIMBORAZO,-1.65051,-78.69063,41,Adultos,MUJER,CAUSAS PERSONALES,CIRCUNSTANCIAL,10/10/2024,ENCONTRADO,13/10/2024,-1.66502,-78.65888
DMG,-2.14317,-79.87945,21,Jóvenes adultos,MUJER,CAUSAS FAMILIARES,NO RELACIONADOS A VIOLENCIA,12/10/2024,ENCONTRADO,14/10/2024,-2.21954,-79.93968
DMG,-2.19426,-79.88823,2,Niños,MUJER,SIN_DATO,SIN_DATO,19/10/2024,DESAPARECIDO,SIN_DATO,SIN_DATO,SIN_DATO
DMQ,-0.12241,-78.46525,10,Niños,MUJER,CAUSAS SOCIALES,MIGRACIÓN /MOVILIDAD HUMANA,11/10/2024,ENCONTRADO,13/11/2024,-0.17634,-78.48400
AZUAY,-2.90013,-79.00590,17,Adolescentes,HOMBRE,CAUSAS ACADÉMICAS,ACADÉMICO/ESCOLAR (RENDIMIENTO),5/10/2024,ENCONTRADO,29/10/2024,-2.89682,-79.02693
LOS RIOS,-1.02506,-79.44882,13,Adolescentes,MUJER,SIN_DATO,SIN_DATO,31/10/2024,DESAPARECIDO,SIN_DATO,SIN_DATO,SIN_DATO
COTOPAXI,-0.88720,-78.63885,16,Adolescentes,MUJER,CAUSAS FAMILIARES,NO RELACIONADOS A VIOLENCIA,8/10/2024,ENCONTRADO,13/11/2024,-0.93688,-78.61419
DMG,-2.18913,-79.88990,32,Adultos jóvenes,MUJER,CAUSAS FAMILIARES,NO RELACIONADOS A VIOLENCIA,10/10/2024,ENCONTRADO,17/10/2024,-2.19352,-79.94324
DMQ,-0.24390,-78.51719,16,Adolescentes,HOMBRE,CAUSAS PERSONALES,CIRCUNSTANCIAL,31/10/2024,ENCONTRADO,06/11/2024,-0.25907,-78.52917
DMG,-2.17578,-79.88534,16,Adolescentes,MUJER,CAUSAS PERSONALES,CIRCUNSTANCIAL,31/10/2024,ENCONTRADO,05/11/2024,-2.18255,-79.87611
DMG,-2.08606,-79.93536,22,Jóvenes adultos,HOMBRE,FALLECIDO,ASESINATO,11/10/2024,FALLECIDO,07/11/2024,-2.19435,-79.93897
DMG,-2.08444,-79.93101,14,Adolescentes,MUJER,SIN_DATO,SIN_DATO,5/10/2024,DESAPARECIDO,SIN_DATO,SIN_DATO,SIN_DATO
EL ORO,-3.25599,-79.99480,54,Adultos mayores,HOMBRE,SIN_DATO,SIN_DATO,23/10/2024,DESAPARECIDO,SIN_DATO,SIN_DATO,SIN_DATO
AZUAY,-3.06136,-79.74418,32,Adultos jóvenes,HOMBRE,SIN_DATO,SIN_DATO,1/10/2024,DESAPARECIDO,SIN_DATO,SIN_DATO,SIN_DATO
AZUAY,-3.06136,-79.74418,40,Adultos,HOMBRE,SIN_DATO,SIN_DATO,1/10/2024,DESAPARECIDO,SIN_DATO,SIN_DATO,SIN_DATO
DMG,-2.22062,-79.93583,17,Adolescentes,HOMBRE,SIN_DATO,SIN_DATO,16/10/2024,DESAPARECIDO,SIN_DATO,SIN_DATO,SIN_DATO
DMQ,-0.20881,-78.50456,40,Adultos,HOMBRE,SIN_DATO,SIN_DATO,17/10/2024,DESAPARECIDO,SIN_DATO,SIN_DATO,SIN_DATO
TUNGURAHUA,-1.23352,-78.63220,11,Niños,HOMBRE,SIN_DATO,SIN_DATO,5/10/2024,DESAPARECIDO,SIN_DATO,SIN_DATO,SIN_DATO
COTOPAXI,-0.91983,-78.57126,13,Adolescentes,MUJER,CAUSAS FAMILIARES,NO RELACIONADOS A VIOLENCIA,12/10/2024,ENCONTRADO,13/10/2024,-0.93688,-78.61419
EL ORO,-3.25691,-79.96001,14,Adolescentes,HOMBRE,CAUSAS FAMILIARES,NO RELACIONADOS A VIOLENCIA,9/10/2024,ENCONTRADO,10/10/2024,-3.26240,-79.96265
CHIMBORAZO,-1.69468,-78.62820,21,Jóvenes adultos,MUJER,CAUSAS PERSONALES,CIRCUNSTANCIAL,4/10/2024,ENCONTRADO,05/10/2024,-1.67285,-78.65167
COTOPAXI,-0.93989,-78.61232,18,Jóvenes adultos,MUJER,CAUSAS PERSONALES,CIRCUNSTANCIAL,9/10/2024,ENCONTRADO,13/10/2024,-0.98843,-78.59701
LOS RIOS,-1.49673,-79.78975,17,Adolescentes,HOMBRE,FALLECIDO,ASESINATO,3/10/2024,FALLECIDO,11/10/2024,-1.43612,-79.75800
DMQ,-0.24396,-78.52694,21,Jóvenes adultos,HOMBRE,CAUSAS FAMILIARES,NO RELACIONADOS A VIOLENCIA,12/10/2024,ENCONTRADO,14/10/2024,-0.24527,-78.52349
DMG,-2.10495,-79.93412,14,Adolescentes,HOMBRE,SIN_DATO,SIN_DATO,4/10/2024,DESAPARECIDO,SIN_DATO,SIN_DATO,SIN_DATO
IMBABURA,0.35530,-78.12508,17,Adolescentes,HOMBRE,SIN_DATO,SIN_DATO,23/10/2024,DESAPARECIDO,SIN_DATO,SIN_DATO,SIN_DATO
ESMERALDAS,0.26955,-79.95564,18,Jóvenes adultos,MUJER,CAUSAS PERSONALES,RELACIÓN AFECTIVA,4/10/2024,ENCONTRADO,10/11/2024,0.97058,-79.65300
DMQ,-0.29207,-78.39597,40,Adultos,MUJER,EXTRAVIADO - DISCAPACIDAD / ENFERMEDADES / TRASTORNOS,DISCAPACIDAD INTELECTUAL,18/10/2024,ENCONTRADO,22/10/2024,-0.17680,-78.48507
LOS RIOS,-1.53490,-79.78484,26,Adultos jóvenes,HOMBRE,EXTRAVIADO - DISCAPACIDAD / ENFERMEDADES / TRASTORNOS,DISCAPACIDAD INTELECTUAL,8/10/2024,ENCONTRADO,18/10/2024,-0.24829,-78.53065
CHIMBORAZO,-1.66163,-78.65266,11,Niños,HOMBRE,CAUSAS PERSONALES,CIRCUNSTANCIAL,5/10/2024,ENCONTRADO,08/10/2024,-1.67282,-78.65134
COTOPAXI,-1.03598,-78.58836,35,Adultos jóvenes,MUJER,CAUSAS PERSONALES,CIRCUNSTANCIAL,4/10/2024,ENCONTRADO,11/10/2024,-0.93702,-78.61417
DMQ,-0.29557,-78.55597,14,Adolescentes,MUJER,CAUSAS FAMILIARES,NO RELACIONADOS A VIOLENCIA,3/10/2024,ENCONTRADO,06/10/2024,0.23430,-78.26107
AZUAY,-3.06137,-79.74420,62,Adultos mayores,MUJER,CAUSAS FAMILIARES,NO RELACIONADOS A VIOLENCIA,5/10/2024,ENCONTRADO,08/10/2024,-3.06150,-79.74521
DMQ,-0.20444,-78.48994,13,Adolescentes,MUJER,CAUSAS PERSONALES,CIRCUNSTANCIAL,7/10/2024,ENCONTRADO,09/10/2024,-0.20451,-78.48983
COTOPAXI,-1.04519,-78.58635,19,Jóvenes adultos,HOMBRE,CAUSAS PERSONALES,CIRCUNSTANCIAL,10/10/2024,ENCONTRADO,12/10/2024,-0.93688,-78.61419
DMQ,-0.24352,-78.49246,22,Jóvenes adultos,HOMBRE,CAUSAS SOCIALES,DROGADICCIÓN,9/10/2024,ENCONTRADO,14/10/2024,-0.14245,-78.50019
COTOPAXI,-0.94911,-78.61255,50,Adultos,HOMBRE,CAUSAS FAMILIARES,NO RELACIONADOS A VIOLENCIA,2/10/2024,ENCONTRADO,14/10/2024,-0.93688,-78.61419
DMQ,-0.25910,-78.55757,16,Adolescentes,HOMBRE,CAUSAS PERSONALES,RELACIÓN AFECTIVA,15/10/2024,ENCONTRADO,18/10/2024,-0.11658,-78.49263
SANTO DOMINGO DE LOS TSACHILAS,-0.25219,-79.18794,18,Jóvenes adultos,MUJER,CAUSAS FAMILIARES,NO RELACIONADOS A VIOLENCIA,5/10/2024,ENCONTRADO,10/10/2024,-1.59117,-78.99904
LOS RIOS,-0.57742,-79.37122,24,Jóvenes adultos,HOMBRE,SIN_DATO,SIN_DATO,19/10/2024,DESAPARECIDO,SIN_DATO,SIN_DATO,SIN_DATO
DMQ,-0.21892,-78.51316,12,Niños,MUJER,CAUSAS PERSONALES,CIRCUNSTANCIAL,13/10/2024,ENCONTRADO,14/10/2024,-0.93373,-78.61408
TUNGURAHUA,-1.25329,-78.62970,14,Adolescentes,MUJER,SIN_DATO,SIN_DATO,17/10/2024,DESAPARECIDO,SIN_DATO,SIN_DATO,SIN_DATO
DMQ,-0.09500,-78.42675,14,Adolescentes,MUJER,CAUSAS FAMILIARES,NO RELACIONADOS A VIOLENCIA,14/10/2024,ENCONTRADO,14/10/2024,-0.09405,-78.45101
DMG,-2.19426,-79.88823,31,Adultos jóvenes,MUJER,SIN_DATO,SIN_DATO,19/10/2024,DESAPARECIDO,SIN_DATO,SIN_DATO,SIN_DATO
DMQ,-0.24108,-78.51175,16,Adolescentes,MUJER,CAUSAS FAMILIARES,NO RELACIONADOS A VIOLENCIA,16/10/2024,ENCONTRADO,16/10/2024,-0.24411,-78.51639
ORELLANA,-0.46894,-76.99546,13,Adolescentes,MUJER,CAUSAS FAMILIARES,NO RELACIONADOS A VIOLENCIA,9/10/2024,ENCONTRADO,18/10/2024,-0.45570,-76.99527
DMQ,-0.09405,-78.45101,16,Adolescentes,HOMBRE,CAUSAS PERSONALES,CIRCUNSTANCIAL,18/10/2024,ENCONTRADO,18/10/2024,-0.30816,-78.52635
COTOPAXI,-1.07634,-78.60079,15,Adolescentes,MUJER,CAUSAS FAMILIARES,NO RELACIONADOS A VIOLENCIA,16/10/2024,ENCONTRADO,19/10/2024,-1.08271,-78.60830
DMG,-2.37456,-80.32099,43,Adultos,MUJER,SIN_DATO,SIN_DATO,22/10/2024,DESAPARECIDO,SIN_DATO,SIN_DATO,SIN_DATO
DMQ,-0.31550,-78.55047,28,Adultos jóvenes,HOMBRE,FALLECIDO,ASESINATO,16/10/2024,FALLECIDO,19/10/2024,-0.18895,-78.49650
DMG,-2.12472,-79.93434,25,Adultos jóvenes,HOMBRE,SIN_DATO,SIN_DATO,1/10/2024,DESAPARECIDO,SIN_DATO,SIN_DATO,SIN_DATO
DMG,-2.09887,-79.95424,11,Niños,MUJER,SIN_DATO,SIN_DATO,12/10/2024,DESAPARECIDO,SIN_DATO,SIN_DATO,SIN_DATO
CARCHI,0.59489,-77.82815,30,Adultos jóvenes,MUJER,CAUSAS PERSONALES,CIRCUNSTANCIAL,3/10/2024,ENCONTRADO,06/10/2024,-0.14245,-78.50019
GUAYAS,-2.20953,-79.62865,25,Adultos jóvenes,HOMBRE,FALLECIDO,NO DETERMINADA,7/10/2024,FALLECIDO,09/10/2024,-1.83266,-79.81054
DMQ,-0.21514,-78.51820,16,Adolescentes,HOMBRE,CAUSAS PERSONALES,CIRCUNSTANCIAL,1/10/2024,ENCONTRADO,14/10/2024,-0.31534,-78.55053
DMQ,-0.09655,-78.42263,63,Adultos mayores,HOMBRE,FALLECIDO,ASESINATO,6/10/2024,FALLECIDO,10/10/2024,-0.18170,-78.50438
SANTO DOMINGO DE LOS TSACHILAS,-0.26101,-79.19827,30,Adultos jóvenes,HOMBRE,SIN_DATO,SIN_DATO,4/10/2024,DESAPARECIDO,SIN_DATO,SIN_DATO,SIN_DATO
GUAYAS,-2.10921,-79.50193,14,Adolescentes,MUJER,SIN_DATO,SIN_DATO,17/10/2024,DESAPARECIDO,SIN_DATO,SIN_DATO,SIN_DATO
DMG,-2.25150,-79.87938,32,Adultos jóvenes,HOMBRE,SIN_DATO,SIN_DATO,1/10/2024,DESAPARECIDO,SIN_DATO,SIN_DATO,SIN_DATO
GUAYAS,-1.84479,-79.81700,1,Niños,MUJER,SIN_DATO,SIN_DATO,30/10/2024,DESAPARECIDO,SIN_DATO,SIN_DATO,SIN_DATO
MANABI,-1.05156,-80.48350,34,Adultos jóvenes,HOMBRE,SIN_DATO,SIN_DATO,19/10/2024,DESAPARECIDO,SIN_DATO,SIN_DATO,SIN_DATO
DMG,-2.11843,-79.94745,19,Jóvenes adultos,MUJER,SIN_DATO,SIN_DATO,13/10/2024,DESAPARECIDO,SIN_DATO,SIN_DATO,SIN_DATO
COTOPAXI,-1.04504,-78.58650,19,Jóvenes adultos,MUJER,SIN_DATO,SIN_DATO,11/10/2024,DESAPARECIDO,SIN_DATO,SIN_DATO,SIN_DATO
DMG,-1.96016,-79.72250,15,Adolescentes,MUJER,SIN_DATO,SIN_DATO,30/10/2024,DESAPARECIDO,SIN_DATO,SIN_DATO,SIN_DATO
DMQ,-0.19229,-78.49904,68,Personas de la tercera edad,HOMBRE,CAUSAS PERSONALES,CIRCUNSTANCIAL,9/10/2024,ENCONTRADO,10/10/2024,-0.14336,-78.49993
AZUAY,-2.89804,-79.00417,70,Personas de la tercera edad,HOMBRE,FALLECIDO,ACCIDENTAL,11/10/2024,FALLECIDO,13/10/2024,-4.04069,-79.19743
DMQ,-0.31550,-78.55047,8,Niños,HOMBRE,CAUSAS FAMILIARES,NO RELACIONADOS A VIOLENCIA,8/10/2024,ENCONTRADO,11/10/2024,-0.31550,-78.55047
COTOPAXI,-0.78186,-78.57514,16,Adolescentes,HOMBRE,SIN_DATO,SIN_DATO,19/10/2024,DESAPARECIDO,SIN_DATO,SIN_DATO,SIN_DATO
MANABI,-0.79823,-80.07584,15,Adolescentes,HOMBRE,SIN_DATO,SIN_DATO,29/10/2024,DESAPARECIDO,SIN_DATO,SIN_DATO,SIN_DATO
DMQ,-0.29244,-78.52207,21,Jóvenes adultos,HOMBRE,CAUSAS PERSONALES,CIRCUNSTANCIAL,11/10/2024,ENCONTRADO,12/10/2024,-0.21466,-78.50243
ESMERALDAS,0.97058,-79.65300,17,Adolescentes,HOMBRE,SIN_DATO,SIN_DATO,26/10/2024,DESAPARECIDO,SIN_DATO,SIN_DATO,SIN_DATO
DMQ,-0.23597,-78.52705,17,Adolescentes,MUJER,SIN_DATO,SIN_DATO,1/10/2024,DESAPARECIDO,SIN_DATO,SIN_DATO,SIN_DATO
IMBABURA,0.30209,-78.11995,39,Adultos,HOMBRE,SIN_DATO,SIN_DATO,17/10/2024,DESAPARECIDO,SIN_DATO,SIN_DATO,SIN_DATO
DMQ,-0.27967,-78.54326,18,Jóvenes adultos,MUJER,SIN_DATO,SIN_DATO,27/10/2024,DESAPARECIDO,SIN_DATO,SIN_DATO,SIN_DATO
DMQ,-0.29555,-78.44560,28,Adultos jóvenes,HOMBRE,SIN_DATO,SIN_DATO,9/10/2024,DESAPARECIDO,SIN_DATO,SIN_DATO,SIN_DATO
AZUAY,-3.06136,-79.74418,42,Adultos,HOMBRE,SIN_DATO,SIN_DATO,1/10/2024,DESAPARECIDO,SIN_DATO,SIN_DATO,SIN_DATO
DMQ,0.00457,-78.44677,13,Adolescentes,MUJER,SIN_DATO,SIN_DATO,18/10/2024,DESAPARECIDO,SIN_DATO,SIN_DATO,SIN_DATO
AZUAY,-2.89856,-78.77902,15,Adolescentes,MUJER,SIN_DATO,SIN_DATO,26/10/2024,DESAPARECIDO,SIN_DATO,SIN_DATO,SIN_DATO
DMG,-2.11746,-79.89139,46,Adultos,MUJER,SIN_DATO,SIN_DATO,30/10/2024,DESAPARECIDO,SIN_DATO,SIN_DATO,SIN_DATO
DMG,-2.13064,-79.96377,16,Adolescentes,MUJER,SIN_DATO,SIN_DATO,23/10/2024,DESAPARECIDO,SIN_DATO,SIN_DATO,SIN_DATO
ESMERALDAS,0.97791,-79.65178,35,Adultos jóvenes,HOMBRE,SIN_DATO,SIN_DATO,23/10/2024,DESAPARECIDO,SIN_DATO,SIN_DATO,SIN_DATO
DMG,-2.24028,-79.92207,14,Adolescentes,MUJER,SIN_DATO,SIN_DATO,8/10/2024,DESAPARECIDO,SIN_DATO,SIN_DATO,SIN_DATO
TUNGURAHUA,-1.25329,-78.62970,12,Niños,MUJER,SIN_DATO,SIN_DATO,17/10/2024,DESAPARECIDO,SIN_DATO,SIN_DATO,SIN_DATO
DMG,-2.16897,-79.83972,43,Adultos,MUJER,SIN_DATO,SIN_DATO,21/10/2024,DESAPARECIDO,SIN_DATO,SIN_DATO,SIN_DATO
DMQ,-0.08577,-78.50787,17,Adolescentes,MUJER,SIN_DATO,SIN_DATO,21/10/2024,DESAPARECIDO,SIN_DATO,SIN_DATO,SIN_DATO
DMG,-2.24300,-79.92534,43,Adultos,HOMBRE,SIN_DATO,SIN_DATO,8/10/2024,DESAPARECIDO,SIN_DATO,SIN_DATO,SIN_DATO
TUNGURAHUA,-1.27858,-78.60509,51,Adultos mayores,HOMBRE,SIN_DATO,SIN_DATO,29/10/2024,DESAPARECIDO,SIN_DATO,SIN_DATO,SIN_DATO
ORELLANA,-0.46471,-76.99833,32,Adultos jóvenes,MUJER,SIN_DATO,SIN_DATO,16/10/2024,DESAPARECIDO,SIN_DATO,SIN_DATO,SIN_DATO
SUCUMBIOS,0.08737,-76.87851,23,Jóvenes adultos,HOMBRE,SIN_DATO,SIN_DATO,13/10/2024,DESAPARECIDO,SIN_DATO,SIN_DATO,SIN_DATO
MANABI,-0.68871,-80.09797,31,Adultos jóvenes,HOMBRE,SIN_DATO,SIN_DATO,11/10/2024,DESAPARECIDO,SIN_DATO,SIN_DATO,SIN_DATO
COTOPAXI,-0.93400,-78.61457,33,Adultos jóvenes,MUJER,SIN_DATO,SIN_DATO,31/10/2024,DESAPARECIDO,SIN_DATO,SIN_DATO,SIN_DATO
DMG,-2.22775,-79.93954,25,Adultos jóvenes,MUJER,SIN_DATO,SIN_DATO,24/10/2024,DESAPARECIDO,SIN_DATO,SIN_DATO,SIN_DATO
MANABI,-0.69344,-80.06125,14,Adolescentes,MUJER,SIN_DATO,SIN_DATO,15/10/2024,DESAPARECIDO,SIN_DATO,SIN_DATO,SIN_DATO
LOJA,-4.08053,-79.81866,15,Adolescentes,MUJER,SIN_DATO,SIN_DATO,8/10/2024,DESAPARECIDO,SIN_DATO,SIN_DATO,SIN_DATO
EL ORO,-3.25599,-79.99480,69,Personas de la tercera edad,HOMBRE,SIN_DATO,SIN_DATO,23/10/2024,DESAPARECIDO,SIN_DATO,SIN_DATO,SIN_DATO
SUCUMBIOS,-0.16840,-76.54321,21,Jóvenes adultos,MUJER,SIN_DATO,SIN_DATO,8/10/2024,DESAPARECIDO,SIN_DATO,SIN_DATO,SIN_DATO
LOS RIOS,-1.57216,-79.46798,22,Jóvenes adultos,HOMBRE,SIN_DATO,SIN_DATO,25/10/2024,DESAPARECIDO,SIN_DATO,SIN_DATO,SIN_DATO
DMG,-2.13500,-79.93186,16,Adolescentes,MUJER,SIN_DATO,SIN_DATO,30/10/2024,DESAPARECIDO,SIN_DATO,SIN_DATO,SIN_DATO
DMG,-2.19936,-79.92552,81,Personas de la tercera edad,HOMBRE,SIN_DATO,SIN_DATO,30/10/2024,DESAPARECIDO,SIN_DATO,SIN_DATO,SIN_DATO
IMBABURA,0.35530,-78.12508,14,Adolescentes,HOMBRE,SIN_DATO,SIN_DATO,14/10/2024,DESAPARECIDO,SIN_DATO,SIN_DATO,SIN_DATO
DMQ,-0.23506,-78.51854,42,Adultos,HOMBRE,SIN_DATO,SIN_DATO,29/10/2024,DESAPARECIDO,SIN_DATO,SIN_DATO,SIN_DATO
EL ORO,-3.25599,-79.99480,51,Adultos mayores,HOMBRE,SIN_DATO,SIN_DATO,23/10/2024,DESAPARECIDO,SIN_DATO,SIN_DATO,SIN_DATO
DMG,-2.17017,-79.84662,13,Adolescentes,MUJER,SIN_DATO,SIN_DATO,26/10/2024,DESAPARECIDO,SIN_DATO,SIN_DATO,SIN_DATO
GUAYAS,-1.84852,-79.86742,1,Niños,HOMBRE,SIN_DATO,SIN_DATO,14/10/2024,DESAPARECIDO,SIN_DATO,SIN_DATO,SIN_DATO
ORELLANA,-0.29336,-76.85751,1,Niños,HOMBRE,CAUSAS FAMILIARES,NO RELACIONADOS A VIOLENCIA,5/10/2024,ENCONTRADO,21/10/2024,-0.46620,-76.99372
CHIMBORAZO,-1.66377,-78.66142,4,Niños,HOMBRE,SIN_DATO,SIN_DATO,21/10/2024,DESAPARECIDO,SIN_DATO,SIN_DATO,SIN_DATO
MANABI,-0.25174,-79.48677,14,Adolescentes,MUJER,SIN_DATO,SIN_DATO,17/10/2024,DESAPARECIDO,SIN_DATO,SIN_DATO,SIN_DATO
AZUAY,-2.88288,-78.99886,16,Adolescentes,MUJER,SIN_DATO,SIN_DATO,31/10/2024,DESAPARECIDO,SIN_DATO,SIN_DATO,SIN_DATO
DMG,-2.28401,-79.88471,62,Adultos mayores,HOMBRE,SIN_DATO,SIN_DATO,17/10/2024,DESAPARECIDO,SIN_DATO,SIN_DATO,SIN_DATO
GUAYAS,-2.02274,-79.91880,16,Adolescentes,HOMBRE,SIN_DATO,SIN_DATO,30/10/2024,DESAPARECIDO,SIN_DATO,SIN_DATO,SIN_DATO
DMG,-2.12253,-80.00014,29,Adultos jóvenes,HOMBRE,SIN_DATO,SIN_DATO,7/10/2024,DESAPARECIDO,SIN_DATO,SIN_DATO,SIN_DATO
DMG,-2.27354,-79.87976,15,Adolescentes,HOMBRE,SIN_DATO,SIN_DATO,9/10/2024,DESAPARECIDO,SIN_DATO,SIN_DATO,SIN_DATO
ZAMORA CHINCHIPE,-3.97844,-78.61837,15,Adolescentes,HOMBRE,SIN_DATO,SIN_DATO,26/10/2024,DESAPARECIDO,SIN_DATO,SIN_DATO,SIN_DATO
DMQ,-0.28726,-78.52136,35,Adultos jóvenes,HOMBRE,CAUSAS PERSONALES,CIRCUNSTANCIAL,5/10/2024,ENCONTRADO,21/10/2024,-0.27977,-78.51497
DMG,-2.24093,-79.89107,16,Adolescentes,MUJER,SIN_DATO,SIN_DATO,30/10/2024,DESAPARECIDO,SIN_DATO,SIN_DATO,SIN_DATO
ESMERALDAS,0.91509,-79.68712,14,Adolescentes,MUJER,SIN_DATO,SIN_DATO,2/10/2024,DESAPARECIDO,SIN_DATO,SIN_DATO,SIN_DATO
ORELLANA,-0.30453,-76.85678,14,Adolescentes,MUJER,SIN_DATO,SIN_DATO,11/10/2024,DESAPARECIDO,SIN_DATO,SIN_DATO,SIN_DATO
DMG,-2.12856,-79.97067,92,Personas de la tercera edad,MUJER,SIN_DATO,SIN_DATO,25/10/2024,DESAPARECIDO,SIN_DATO,SIN_DATO,SIN_DATO
MANABI,-1.06525,-80.44816,20,Jóvenes adultos,MUJER,SIN_DATO,SIN_DATO,6/10/2024,DESAPARECIDO,SIN_DATO,SIN_DATO,SIN_DATO
AZUAY,-2.90107,-78.99179,17,Adolescentes,MUJER,SIN_DATO,SIN_DATO,1/10/2024,DESAPARECIDO,SIN_DATO,SIN_DATO,SIN_DATO
DMG,-2.25408,-79.90178,17,Adolescentes,MUJER,SIN_DATO,SIN_DATO,27/10/2024,DESAPARECIDO,SIN_DATO,SIN_DATO,SIN_DATO
DMG,-2.16897,-79.83972,14,Adolescentes,HOMBRE,SIN_DATO,SIN_DATO,17/10/2024,DESAPARECIDO,SIN_DATO,SIN_DATO,SIN_DATO
DMG,-2.17036,-79.91955,15,Adolescentes,MUJER,SIN_DATO,SIN_DATO,16/10/2024,DESAPARECIDO,SIN_DATO,SIN_DATO,SIN_DATO
ZAMORA CHINCHIPE,-3.62653,-78.58816,15,Adolescentes,MUJER,SIN_DATO,SIN_DATO,1/10/2024,DESAPARECIDO,SIN_DATO,SIN_DATO,SIN_DATO
GUAYAS,-1.71622,-79.98623,20,Jóvenes adultos,MUJER,SIN_DATO,SIN_DATO,29/10/2024,DESAPARECIDO,SIN_DATO,SIN_DATO,SIN_DATO
DMG,-2.22087,-79.89745,21,Jóvenes adultos,HOMBRE,CAUSAS PERSONALES,CIRCUNSTANCIAL,5/10/2024,ENCONTRADO,15/10/2024,-2.07828,-79.92196
DMG,-2.24124,-79.93011,60,Adultos mayores,HOMBRE,SIN_DATO,SIN_DATO,30/10/2024,DESAPARECIDO,SIN_DATO,SIN_DATO,SIN_DATO
DMG,-2.17036,-79.91955,33,Adultos jóvenes,HOMBRE,SIN_DATO,SIN_DATO,16/10/2024,DESAPARECIDO,SIN_DATO,SIN_DATO,SIN_DATO
DMG,-2.16897,-79.83972,15,Adolescentes,MUJER,SIN_DATO,SIN_DATO,23/10/2024,DESAPARECIDO,SIN_DATO,SIN_DATO,SIN_DATO
LOS RIOS,-1.02225,-79.45795,11,Niños,HOMBRE,CAUSAS PERSONALES,CIRCUNSTANCIAL,3/10/2024,ENCONTRADO,16/10/2024,-1.05996,-79.45585
DMG,-2.26254,-79.87641,29,Adultos jóvenes,HOMBRE,SIN_DATO,SIN_DATO,4/10/2024,DESAPARECIDO,SIN_DATO,SIN_DATO,SIN_DATO
SANTO DOMINGO DE LOS TSACHILAS,-0.25219,-79.18794,17,Adolescentes,MUJER,CAUSAS FAMILIARES,NO RELACIONADOS A VIOLENCIA,4/10/2024,ENCONTRADO,08/10/2024,-0.25219,-79.18794
GUAYAS,-1.84479,-79.81700,16,Adolescentes,MUJER,SIN_DATO,SIN_DATO,30/10/2024,DESAPARECIDO,SIN_DATO,SIN_DATO,SIN_DATO
DMG,-2.12438,-79.99454,42,Adultos,HOMBRE,SIN_DATO,SIN_DATO,18/10/2024,DESAPARECIDO,SIN_DATO,SIN_DATO,SIN_DATO
DMQ,-0.12211,-78.41348,17,Adolescentes,HOMBRE,CAUSAS SOCIALES,ALCOHOLISMO,18/10/2024,ENCONTRADO,20/10/2024,-0.09405,-78.45101
DMG,-2.08394,-79.93215,16,Adolescentes,MUJER,CAUSAS PERSONALES,CIRCUNSTANCIAL,5/10/2024,ENCONTRADO,10/10/2024,-2.10476,-79.93041
MANABI,0.08000,-80.05396,27,Adultos jóvenes,HOMBRE,CAUSAS PERSONALES,CIRCUNSTANCIAL,18/10/2024,ENCONTRADO,22/10/2024,0.07312,-80.05139
GUAYAS,-1.83247,-79.81810,14,Adolescentes,MUJER,SIN_DATO,SIN_DATO,10/10/2024,DESAPARECIDO,SIN_DATO,SIN_DATO,SIN_DATO
DMQ,-0.19565,-78.50626,18,Jóvenes adultos,MUJER,CAUSAS SOCIALES,MIGRACIÓN /MOVILIDAD HUMANA,20/10/2024,ENCONTRADO,23/10/2024,4.57087,-74.29733
DMQ,-0.09086,-78.52009,63,Adultos mayores,HOMBRE,CAUSAS FAMILIARES,NO RELACIONADOS A VIOLENCIA,18/10/2024,ENCONTRADO,23/10/2024,-0.09108,-78.51958
MANABI,-0.92367,-80.45085,4,Niños,HOMBRE,SIN_DATO,SIN_DATO,13/10/2024,DESAPARECIDO,SIN_DATO,SIN_DATO,SIN_DATO
DMG,-2.20390,-79.91087,56,Adultos mayores,HOMBRE,CAUSAS PERSONALES,CIRCUNSTANCIAL,30/10/2024,ENCONTRADO,06/11/2024,-1.05434,-80.45264
DMQ,-0.21478,-78.49744,39,Adultos,HOMBRE,CAUSAS PERSONALES,CIRCUNSTANCIAL,31/10/2024,ENCONTRADO,01/11/2024,-0.14215,-78.50049
DMQ,-0.12985,-78.48732,13,Adolescentes,MUJER,CAUSAS FAMILIARES,NO RELACIONADOS A VIOLENCIA,1/10/2024,ENCONTRADO,03/10/2024,-3.56956,-80.06368
CARCHI,0.59489,-77.82815,36,Adultos,MUJER,CAUSAS PERSONALES,RELACIÓN AFECTIVA,16/10/2024,ENCONTRADO,23/10/2024,0.59789,-77.83156
DMQ,-0.04842,-78.44790,18,Jóvenes adultos,HOMBRE,POSIBLE VINCULACION A DELITO,ROBO(ESCOPOLAMINA U OTRA DROGA ALUCINÓGENA ALTAMENTE TÓXICA),4/10/2024,ENCONTRADO,05/10/2024,-0.09605,-78.42403
DMQ,-0.23630,-78.48567,17,Adolescentes,MUJER,CAUSAS FAMILIARES,NO RELACIONADOS A VIOLENCIA,21/10/2024,ENCONTRADO,23/10/2024,-0.22385,-78.33755
DMQ,-0.24293,-78.48088,12,Niños,MUJER,CAUSAS FAMILIARES,NO RELACIONADOS A VIOLENCIA,17/10/2024,ENCONTRADO,19/10/2024,-0.27247,-78.48815
CAÑAR,-2.42046,-79.34374,8,Niños,MUJER,CAUSAS FAMILIARES,NO RELACIONADOS A VIOLENCIA,22/10/2024,ENCONTRADO,23/10/2024,-2.46975,-79.29767
DMG,-2.17532,-79.81746,15,Adolescentes,MUJER,CAUSAS PERSONALES,CIRCUNSTANCIAL,4/10/2024,ENCONTRADO,21/10/2024,-1.02306,-79.46089
DMQ,-0.24993,-78.52720,15,Adolescentes,HOMBRE,CAUSAS PERSONALES,CIRCUNSTANCIAL,23/10/2024,ENCONTRADO,24/10/2024,-0.14214,-78.50057
DMQ,-0.20021,-78.50000,23,Jóvenes adultos,HOMBRE,CAUSAS PERSONALES,CIRCUNSTANCIAL,23/10/2024,ENCONTRADO,24/10/2024,-0.20179,-78.49247
CAÑAR,-2.42046,-79.34374,13,Adolescentes,HOMBRE,CAUSAS PERSONALES,RELACIÓN AFECTIVA,22/10/2024,ENCONTRADO,23/10/2024,-2.46975,-79.29767
SANTO DOMINGO DE LOS TSACHILAS,-0.25219,-79.18794,13,Adolescentes,MUJER,CAUSAS PERSONALES,RELACIÓN AFECTIVA,15/10/2024,ENCONTRADO,24/10/2024,-0.25219,-79.18794
DMQ,-0.28205,-78.51309,28,Adultos jóvenes,HOMBRE,CAUSAS SOCIALES,DROGADICCIÓN,5/10/2024,ENCONTRADO,22/10/2024,-0.27977,-78.51497
GUAYAS,-1.99955,-79.47987,20,Jóvenes adultos,HOMBRE,CAUSAS PERSONALES,CIRCUNSTANCIAL,12/10/2024,ENCONTRADO,21/10/2024,-2.12898,-79.59045
PICHINCHA,-0.32910,-78.44536,15,Adolescentes,MUJER,CAUSAS ACADÉMICAS,ACADÉMICO/ESCOLAR (RENDIMIENTO),3/10/2024,ENCONTRADO,08/10/2024,-0.32910,-78.44536
SUCUMBIOS,-0.04477,-77.19956,15,Adolescentes,MUJER,SIN_DATO,SIN_DATO,21/10/2024,DESAPARECIDO,SIN_DATO,SIN_DATO,SIN_DATO
LOJA,-4.00320,-79.20170,5,Niños,HOMBRE,PROBLEMAS FAMILIARES,FAMILIA DISFUNSIONAL,21/10/2024,ENCONTRADO,23/10/2024,-3.96880,-79.19419
DMQ,-0.12384,-78.50363,15,Adolescentes,HOMBRE,CAUSAS FAMILIARES,NO RELACIONADOS A VIOLENCIA,9/10/2024,ENCONTRADO,06/11/2024,-0.14879,-78.50645
MANABI,-0.88650,-80.45897,15,Adolescentes,MUJER,CAUSAS PERSONALES,RELACIÓN AFECTIVA,19/10/2024,ENCONTRADO,24/10/2024,-1.02959,-80.46455
CHIMBORAZO,-1.66502,-78.65888,15,Adolescentes,MUJER,SIN_DATO,SIN_DATO,9/10/2024,DESAPARECIDO,SIN_DATO,SIN_DATO,SIN_DATO
DMQ,-0.23203,-78.33696,27,Adultos jóvenes,HOMBRE,POSIBLE VINCULACION A DELITO,ROBO(ESCOPOLAMINA U OTRA DROGA ALUCINÓGENA ALTAMENTE TÓXICA),3/10/2024,ENCONTRADO,05/10/2024,-0.30695,-78.50190
DMQ,-0.23536,-78.51565,19,Jóvenes adultos,HOMBRE,CAUSAS PERSONALES,CIRCUNSTANCIAL,10/10/2024,ENCONTRADO,22/10/2024,-0.24431,-78.51682
LOJA,-4.00320,-79.20170,14,Adolescentes,MUJER,PROBLEMAS FAMILIARES,FAMILIA DISFUNSIONAL,21/10/2024,ENCONTRADO,23/10/2024,-3.96880,-79.19419
DMQ,-0.09605,-78.42403,15,Adolescentes,HOMBRE,CAUSAS SOCIALES,Grupos Delictivos Organizados/GDOS/PANDILLAS/MAFIAS/CARTELES,18/10/2024,ENCONTRADO,29/10/2024,-0.20287,-78.48610
DMQ,-0.24993,-78.52720,15,Adolescentes,MUJER,CAUSAS PERSONALES,CIRCUNSTANCIAL,23/10/2024,ENCONTRADO,24/10/2024,-0.14214,-78.50057
TUNGURAHUA,-1.21476,-78.61164,16,Adolescentes,MUJER,CAUSAS FAMILIARES,NO RELACIONADOS A VIOLENCIA,17/10/2024,ENCONTRADO,31/10/2024,-1.23618,-78.62376
DMG,-2.11010,-79.99077,42,Adultos,HOMBRE,POSIBLE VINCULACION A DELITO,SECUESTRO EXTORSIVO,31/10/2024,ENCONTRADO,06/11/2024,-2.11010,-79.99077
ESMERALDAS,1.19028,-78.75980,15,Adolescentes,MUJER,CAUSAS PERSONALES,RELACIÓN AFECTIVA,15/10/2024,ENCONTRADO,06/11/2024,0.61056,-80.01908
MANABI,-1.08485,-80.43319,16,Adolescentes,MUJER,CAUSAS PERSONALES,CIRCUNSTANCIAL,22/10/2024,ENCONTRADO,24/10/2024,-1.02959,-80.46455
MANABI,-1.07475,-80.44730,13,Adolescentes,MUJER,CAUSAS FAMILIARES,NO RELACIONADOS A VIOLENCIA,21/10/2024,ENCONTRADO,24/10/2024,-1.05091,-80.46073
EL ORO,-3.25756,-79.99418,16,Adolescentes,MUJER,CAUSAS FAMILIARES,NO RELACIONADOS A VIOLENCIA,16/10/2024,ENCONTRADO,06/11/2024,-3.26257,-79.96291
PASTAZA,-1.52436,-78.00306,14,Adolescentes,MUJER,SIN_DATO,SIN_DATO,13/10/2024,DESAPARECIDO,SIN_DATO,SIN_DATO,SIN_DATO
CARCHI,0.81507,-77.71659,16,Adolescentes,MUJER,CAUSAS PERSONALES,RELACIÓN AFECTIVA,24/10/2024,ENCONTRADO,25/10/2024,-0.10104,-78.46977
COTOPAXI,-0.80434,-78.63779,27,Adultos jóvenes,HOMBRE,CAUSAS SOCIALES,ALCOHOLISMO,19/10/2024,ENCONTRADO,25/10/2024,-0.93710,-78.61420
SUCUMBIOS,0.07576,-77.21262,15,Adolescentes,MUJER,CAUSAS PERSONALES,CIRCUNSTANCIAL,7/10/2024,ENCONTRADO,15/10/2024,-0.04472,-77.19958
SANTO DOMINGO DE LOS TSACHILAS,0.00945,-79.39416,15,Adolescentes,MUJER,CAUSAS FAMILIARES,NO RELACIONADOS A VIOLENCIA,23/10/2024,ENCONTRADO,30/10/2024,0.87529,-79.80799
SUCUMBIOS,-0.16840,-76.54321,3,Niños,MUJER,SIN_DATO,SIN_DATO,8/10/2024,DESAPARECIDO,SIN_DATO,SIN_DATO,SIN_DATO
DMQ,-0.16748,-78.31868,15,Adolescentes,MUJER,CAUSAS PERSONALES,CIRCUNSTANCIAL,22/10/2024,ENCONTRADO,28/10/2024,-0.16111,-78.31793
SANTO DOMINGO DE LOS TSACHILAS,-0.25219,-79.18794,26,Adultos jóvenes,MUJER,SIN_DATO,SIN_DATO,18/10/2024,DESAPARECIDO,SIN_DATO,SIN_DATO,SIN_DATO
DMG,-2.02875,-79.94294,14,Adolescentes,MUJER,CAUSAS PERSONALES,CIRCUNSTANCIAL,25/10/2024,ENCONTRADO,30/10/2024,-2.21945,-79.94078
DMG,-2.21289,-79.90258,16,Adolescentes,MUJER,SIN_DATO,SIN_DATO,28/10/2024,DESAPARECIDO,SIN_DATO,SIN_DATO,SIN_DATO
LOS RIOS,-0.73191,-79.46905,16,Adolescentes,HOMBRE,SIN_DATO,SIN_DATO,29/10/2024,DESAPARECIDO,SIN_DATO,SIN_DATO,SIN_DATO
DMQ,-0.15795,-78.47920,15,Adolescentes,MUJER,CAUSAS FAMILIARES,NO RELACIONADOS A VIOLENCIA,26/10/2024,ENCONTRADO,27/10/2024,-0.15681,-78.47946
ZAMORA CHINCHIPE,-4.04258,-78.59663,25,Adultos jóvenes,HOMBRE,CAUSAS PERSONALES,CIRCUNSTANCIAL,21/10/2024,ENCONTRADO,26/10/2024,-4.06692,-78.95401
CARCHI,0.59850,-77.83485,52,Adultos mayores,MUJER,CAUSAS PERSONALES,RELACIÓN AFECTIVA,25/10/2024,ENCONTRADO,26/10/2024,-0.29206,-78.55700
DMQ,-0.22335,-78.49012,30,Adultos jóvenes,HOMBRE,EXTRAVIADA,ACCIDENTADO,25/10/2024,ENCONTRADO,29/10/2024,-0.40535,-78.54196
LOS RIOS,-1.01934,-79.46367,16,Adolescentes,MUJER,CAUSAS PERSONALES,CIRCUNSTANCIAL,24/10/2024,ENCONTRADO,27/10/2024,-1.11589,-79.43640
COTOPAXI,-0.94119,-79.23160,15,Adolescentes,MUJER,CAUSAS FAMILIARES,NO RELACIONADOS A VIOLENCIA,15/10/2024,ENCONTRADO,10/11/2024,-0.93961,-79.27746
DMG,-2.17147,-79.81532,14,Adolescentes,MUJER,SIN_DATO,SIN_DATO,25/10/2024,DESAPARECIDO,SIN_DATO,SIN_DATO,SIN_DATO
DMQ,-0.22043,-78.52499,12,Niños,MUJER,SIN_DATO,SIN_DATO,17/10/2024,DESAPARECIDO,SIN_DATO,SIN_DATO,SIN_DATO
DMQ,-0.30695,-78.50190,14,Adolescentes,MUJER,CAUSAS PERSONALES,CIRCUNSTANCIAL,3/10/2024,ENCONTRADO,20/10/2024,-0.25782,-78.52530
GUAYAS,-2.04028,-79.89106,22,Jóvenes adultos,HOMBRE,SIN_DATO,SIN_DATO,30/10/2024,DESAPARECIDO,SIN_DATO,SIN_DATO,SIN_DATO
DMQ,-0.28726,-78.52136,28,Adultos jóvenes,HOMBRE,CAUSAS PERSONALES,CIRCUNSTANCIAL,5/10/2024,ENCONTRADO,07/10/2024,-0.27977,-78.51497
DMQ,-0.32120,-78.48749,14,Adolescentes,MUJER,CAUSAS PERSONALES,CIRCUNSTANCIAL,8/10/2024,ENCONTRADO,29/10/2024,-0.14214,-78.50057
DMG,-2.28406,-79.88476,23,Jóvenes adultos,HOMBRE,CAUSAS SOCIALES,DROGADICCIÓN,21/10/2024,ENCONTRADO,31/10/2024,-2.20677,-79.92324
LOJA,-3.98752,-79.23601,16,Adolescentes,MUJER,CAUSAS FAMILIARES,NO RELACIONADOS A VIOLENCIA,6/10/2024,ENCONTRADO,29/10/2024,-3.97164,-79.22147
SUCUMBIOS,0.09771,-76.89648,17,Adolescentes,MUJER,CAUSAS FAMILIARES,NO RELACIONADOS A VIOLENCIA,19/10/2024,ENCONTRADO,30/10/2024,0.07829,-76.89424
LOS RIOS,-1.83307,-79.60955,34,Adultos jóvenes,HOMBRE,SIN_DATO,SIN_DATO,20/10/2024,DESAPARECIDO,SIN_DATO,SIN_DATO,SIN_DATO
LOS RIOS,-1.79911,-79.52830,22,Jóvenes adultos,MUJER,CAUSAS FAMILIARES,NO RELACIONADOS A VIOLENCIA,21/10/2024,ENCONTRADO,25/10/2024,-1.79872,-79.52810
DMQ,-0.19795,-78.50480,20,Jóvenes adultos,MUJER,CAUSAS PERSONALES,CIRCUNSTANCIAL,25/10/2024,ENCONTRADO,26/10/2024,-0.25910,-78.55757
MANABI,-1.20690,-80.36865,14,Adolescentes,MUJER,VIOLENCIA ,ACOSO/VIOLENCIA SEXUAL,25/10/2024,ENCONTRADO,26/10/2024,-1.03951,-80.46059
SUCUMBIOS,-0.12080,-76.34731,16,Adolescentes,MUJER,CAUSAS FAMILIARES,NO RELACIONADOS A VIOLENCIA,7/10/2024,ENCONTRADO,30/10/2024,-0.12732,-76.34357
ESMERALDAS,0.97058,-79.65300,13,Adolescentes,MUJER,SIN_DATO,SIN_DATO,9/10/2024,DESAPARECIDO,SIN_DATO,SIN_DATO,SIN_DATO
IMBABURA,0.39074,-77.94103,19,Jóvenes adultos,MUJER,CAUSAS PERSONALES,RELACIÓN AFECTIVA,13/10/2024,ENCONTRADO,25/10/2024,0.35097,-78.11404
DMG,-2.15994,-79.91877,31,Adultos jóvenes,HOMBRE,SIN_DATO,SIN_DATO,22/10/2024,DESAPARECIDO,SIN_DATO,SIN_DATO,SIN_DATO
DMG,-2.16897,-79.83972,14,Adolescentes,MUJER,SIN_DATO,SIN_DATO,17/10/2024,DESAPARECIDO,SIN_DATO,SIN_DATO,SIN_DATO
DMG,-2.08731,-79.87282,31,Adultos jóvenes,HOMBRE,SIN_DATO,SIN_DATO,9/10/2024,DESAPARECIDO,SIN_DATO,SIN_DATO,SIN_DATO
ESMERALDAS,0.32688,-79.46476,14,Adolescentes,HOMBRE,SIN_DATO,SIN_DATO,20/10/2024,DESAPARECIDO,SIN_DATO,SIN_DATO,SIN_DATO
AZUAY,-3.16121,-79.14811,85,Personas de la tercera edad,HOMBRE,SIN_DATO,SIN_DATO,1/10/2024,DESAPARECIDO,SIN_DATO,SIN_DATO,SIN_DATO
ESMERALDAS,0.33110,-79.47346,13,Adolescentes,MUJER,SIN_DATO,SIN_DATO,17/10/2024,DESAPARECIDO,SIN_DATO,SIN_DATO,SIN_DATO
DMG,-2.12284,-79.96764,57,Adultos mayores,HOMBRE,SIN_DATO,SIN_DATO,15/10/2024,DESAPARECIDO,SIN_DATO,SIN_DATO,SIN_DATO
TUNGURAHUA,-1.24720,-78.60866,36,Adultos,MUJER,SIN_DATO,SIN_DATO,25/10/2024,DESAPARECIDO,SIN_DATO,SIN_DATO,SIN_DATO
GUAYAS,-2.16094,-79.60867,15,Adolescentes,MUJER,SIN_DATO,SIN_DATO,29/10/2024,DESAPARECIDO,SIN_DATO,SIN_DATO,SIN_DATO
DMG,-2.08155,-79.92054,29,Adultos jóvenes,HOMBRE,FALLECIDO,ASESINATO,18/10/2024,FALLECIDO,22/10/2024,-1.86499,-79.97931
DMQ,-0.07431,-78.46241,16,Adolescentes,MUJER,SIN_DATO,SIN_DATO,26/10/2024,DESAPARECIDO,SIN_DATO,SIN_DATO,SIN_DATO
DMQ,0.14402,-78.80238,54,Adultos mayores,HOMBRE,SIN_DATO,SIN_DATO,24/10/2024,DESAPARECIDO,SIN_DATO,SIN_DATO,SIN_DATO
LOS RIOS,-1.01841,-79.46951,17,Adolescentes,MUJER,CAUSAS PERSONALES,RELACIÓN AFECTIVA,13/10/2024,ENCONTRADO,28/10/2024,-1.67287,-78.65164
DMG,-2.24595,-79.89038,32,Adultos jóvenes,HOMBRE,CAUSAS PERSONALES,CIRCUNSTANCIAL,15/10/2024,ENCONTRADO,17/10/2024,-2.14285,-79.87955
DMQ,-0.30572,-78.56538,17,Adolescentes,MUJER,CAUSAS PERSONALES,CIRCUNSTANCIAL,26/10/2024,ENCONTRADO,27/10/2024,-0.14252,-78.50021
MANABI,-0.85908,-80.46996,18,Jóvenes adultos,MUJER,VIOLENCIA ,VIOLENCIA PSICOLÓGICA,17/10/2024,ENCONTRADO,27/10/2024,-2.21566,-79.93634
IMBABURA,0.36371,-78.11889,18,Jóvenes adultos,MUJER,CAUSAS PERSONALES,CIRCUNSTANCIAL,10/10/2024,ENCONTRADO,17/10/2024,0.33561,-78.12371
DMQ,-0.27245,-78.53647,75,Personas de la tercera edad,MUJER,FALLECIDO,ACCIDENTAL,1/10/2024,FALLECIDO,02/10/2024,-0.18170,-78.50438
DMQ,-0.18666,-78.51355,17,Adolescentes,MUJER,CAUSAS PERSONALES,CIRCUNSTANCIAL,6/10/2024,ENCONTRADO,08/10/2024,-0.33369,-78.52267
AZUAY,-2.90588,-78.98808,15,Adolescentes,MUJER,CAUSAS FAMILIARES,NO RELACIONADOS A VIOLENCIA,2/10/2024,ENCONTRADO,03/10/2024,-2.90508,-79.02739
DMQ,-0.27604,-78.51105,41,Adultos,HOMBRE,CAUSAS PERSONALES,CIRCUNSTANCIAL,14/10/2024,ENCONTRADO,29/10/2024,-0.27457,-78.51860
MANABI,-0.85908,-80.46996,2,Niños,MUJER,VIOLENCIA ,VIOLENCIA PSICOLÓGICA,17/10/2024,ENCONTRADO,27/10/2024,-2.21566,-79.93634
DMQ,-0.13183,-78.47749,26,Adultos jóvenes,MUJER,CAUSAS PERSONALES,CIRCUNSTANCIAL,5/10/2024,ENCONTRADO,06/10/2024,-0.13141,-78.47785
COTOPAXI,-0.93281,-78.62288,31,Adultos jóvenes,HOMBRE,CAUSAS SOCIALES,ALCOHOLISMO,4/10/2024,ENCONTRADO,07/10/2024,-0.93711,-78.61421
DMQ,-0.23054,-78.48264,13,Adolescentes,MUJER,CAUSAS PERSONALES,CIRCUNSTANCIAL,2/10/2024,ENCONTRADO,06/11/2024,-0.23816,-78.48860
PICHINCHA,0.08134,-79.04897,13,Adolescentes,MUJER,CAUSAS PERSONALES,RELACIÓN AFECTIVA,1/10/2024,ENCONTRADO,02/10/2024,0.09200,-79.05333
DMQ,-0.32764,-78.56735,15,Adolescentes,MUJER,CAUSAS PERSONALES,CIRCUNSTANCIAL,3/10/2024,ENCONTRADO,03/10/2024,-0.30414,-78.54166
DMQ,-0.13500,-78.43825,15,Adolescentes,HOMBRE,CAUSAS FAMILIARES,NO RELACIONADOS A VIOLENCIA,27/10/2024,ENCONTRADO,30/10/2024,-0.14214,-78.50057
DMQ,-0.25852,-78.54976,18,Jóvenes adultos,HOMBRE,CAUSAS SOCIALES,MIGRACIÓN /MOVILIDAD HUMANA,25/10/2024,ENCONTRADO,31/10/2024,-0.14235,-78.50034
DMQ,-0.29110,-78.47217,14,Adolescentes,MUJER,CAUSAS FAMILIARES,NO RELACIONADOS A VIOLENCIA,4/10/2024,ENCONTRADO,07/10/2024,-0.14229,-78.50026
DMQ,-0.20018,-78.49095,32,Adultos jóvenes,HOMBRE,CAUSAS PERSONALES,CIRCUNSTANCIAL,24/10/2024,ENCONTRADO,26/10/2024,-0.29810,-78.43540
MANABI,-1.05180,-80.65231,16,Adolescentes,MUJER,CAUSAS PERSONALES,RELACIÓN AFECTIVA,22/10/2024,ENCONTRADO,24/10/2024,-1.05402,-80.45075
ORELLANA,-0.45863,-76.99909,13,Adolescentes,MUJER,CAUSAS PERSONALES,CIRCUNSTANCIAL,30/10/2024,ENCONTRADO,06/11/2024,-0.44963,-76.99014
COTOPAXI,-0.95690,-78.71690,15,Adolescentes,HOMBRE,CAUSAS FAMILIARES,NO RELACIONADOS A VIOLENCIA,3/10/2024,ENCONTRADO,04/10/2024,-0.16228,-78.47994
DMQ,-0.19896,-78.50075,21,Jóvenes adultos,HOMBRE,EXTRAVIADO - AUSENCIA TEMPORAL,ACCIDENTADO,2/10/2024,ENCONTRADO,03/10/2024,-0.24440,-78.54110
AZUAY,-2.90481,-79.02756,22,Jóvenes adultos,HOMBRE,CAUSAS PERSONALES,CIRCUNSTANCIAL,3/10/2024,ENCONTRADO,04/10/2024,-4.02389,-79.20637
DMG,-2.12894,-79.89206,35,Adultos jóvenes,HOMBRE,CAUSAS PERSONALES,CIRCUNSTANCIAL,3/10/2024,ENCONTRADO,10/10/2024,-2.12923,-79.89320
DMQ,-0.23514,-78.50714,20,Jóvenes adultos,MUJER,CAUSAS PERSONALES,CIRCUNSTANCIAL,4/10/2024,ENCONTRADO,05/10/2024,-0.14196,-78.50041
LOJA,-3.94295,-79.22379,13,Adolescentes,MUJER,PROBLEMAS SOCIALES,INFLUENCIA DE AMISTADES,4/10/2024,ENCONTRADO,05/10/2024,-4.01292,-79.24221
SANTA ELENA,-2.23388,-80.93462,15,Adolescentes,MUJER,CAUSAS PERSONALES,CIRCUNSTANCIAL,1/10/2024,ENCONTRADO,07/10/2024,-2.23817,-80.91179
AZUAY,-3.05589,-79.74354,15,Adolescentes,MUJER,CAUSAS FAMILIARES,NO RELACIONADOS A VIOLENCIA,28/10/2024,ENCONTRADO,28/10/2024,-0.28927,-78.54179
COTOPAXI,-0.93066,-78.61492,59,Adultos mayores,MUJER,CAUSAS FAMILIARES,NO RELACIONADOS A VIOLENCIA,6/10/2024,ENCONTRADO,14/10/2024,-0.93688,-78.61419
DMQ,-0.25098,-78.48798,17,Adolescentes,MUJER,CAUSAS FAMILIARES,NO RELACIONADOS A VIOLENCIA,7/10/2024,ENCONTRADO,09/10/2024,-0.14245,-78.50019
DMQ,-0.10541,-78.51334,53,Adultos mayores,HOMBRE,CAUSAS SOCIALES,ALCOHOLISMO,1/10/2024,ENCONTRADO,09/10/2024,-0.10541,-78.51334
PICHINCHA,0.12300,-79.25550,14,Adolescentes,MUJER,CAUSAS PERSONALES,RELACIÓN AFECTIVA,3/10/2024,ENCONTRADO,08/10/2024,-0.12167,-78.47026
MANABI,-1.04649,-80.44075,13,Adolescentes,MUJER,CAUSAS PERSONALES,RELACIÓN AFECTIVA,4/10/2024,ENCONTRADO,08/10/2024,-1.03028,-80.46469
MANABI,-1.04653,-80.44073,15,Adolescentes,HOMBRE,CAUSAS PERSONALES,RELACIÓN AFECTIVA,4/10/2024,ENCONTRADO,08/10/2024,-1.03028,-80.46469
DMG,-2.25654,-79.87716,36,Adultos,HOMBRE,POSIBLE VINCULACION A DELITO,ROBO(ESCOPOLAMINA U OTRA DROGA ALUCINÓGENA ALTAMENTE TÓXICA),3/10/2024,ENCONTRADO,07/10/2024,-2.25654,-79.87716
LOJA,-4.11569,-80.10751,12,Niños,MUJER,PROBLEMAS FAMILIARES,PROBLEMAS SENTIMENTALES,6/10/2024,ENCONTRADO,08/10/2024,-4.11545,-80.10751
AZUAY,-2.89356,-79.01754,4,Niños,MUJER,CAUSAS FAMILIARES,NO RELACIONADOS A VIOLENCIA,7/10/2024,ENCONTRADO,08/10/2024,-2.90510,-79.02739
DMQ,-0.07431,-78.46241,18,Jóvenes adultos,MUJER,CAUSAS PERSONALES,RELACIÓN AFECTIVA,7/10/2024,ENCONTRADO,23/10/2024,-0.14214,-78.50057
LOS RIOS,-1.02754,-79.41626,16,Adolescentes,MUJER,CAUSAS PERSONALES,RELACIÓN AFECTIVA,12/10/2024,ENCONTRADO,08/11/2024,-1.55963,-79.75613
DMQ,0.00114,-78.51639,3,Niños,HOMBRE,CAUSAS PERSONALES,CIRCUNSTANCIAL,25/10/2024,ENCONTRADO,28/10/2024,-0.14245,-78.50019
CHIMBORAZO,-1.65674,-78.67827,18,Jóvenes adultos,MUJER,CAUSAS ACADÉMICAS,ACADÉMICO/ESCOLAR (RENDIMIENTO),7/10/2024,ENCONTRADO,09/10/2024,-1.67665,-78.65680
DMQ,-0.14844,-78.47082,56,Adultos mayores,MUJER,EXTRAVIADO - AUSENCIA TEMPORAL,ACCIDENTAL POR DESCUIDO  ,9/10/2024,ENCONTRADO,09/10/2024,-0.14242,-78.50017
DMQ,-0.11403,-78.43878,11,Niños,MUJER,CAUSAS PERSONALES,CIRCUNSTANCIAL,9/10/2024,ENCONTRADO,09/10/2024,-0.06399,-78.35009
MANABI,0.06264,-80.05698,12,Niños,MUJER,CAUSAS PERSONALES,RELACIÓN AFECTIVA,7/10/2024,ENCONTRADO,09/10/2024,0.04888,-80.06029
GUAYAS,-2.13940,-79.59390,24,Jóvenes adultos,HOMBRE,POSIBLE VINCULACION A DELITO,SECUESTRO EXTORSIVO,7/10/2024,ENCONTRADO,09/10/2024,-2.11635,-79.58352
DMQ,-0.18382,-78.47923,53,Adultos mayores,MUJER,EXTRAVIADO - AUSENCIA TEMPORAL,ACCIDENTADO,9/10/2024,ENCONTRADO,10/10/2024,-0.12725,-78.49765
MORONA SANTIAGO,-3.53300,-78.58727,16,Adolescentes,MUJER,CAUSAS FAMILIARES,NO RELACIONADOS A VIOLENCIA,4/10/2024,ENCONTRADO,08/10/2024,-3.53300,-78.58727
COTOPAXI,-0.78517,-78.64555,17,Adolescentes,MUJER,CAUSAS PERSONALES,RELACIÓN AFECTIVA,3/10/2024,ENCONTRADO,09/11/2024,-0.27259,-79.45771
DMQ,0.00114,-78.51639,14,Adolescentes,MUJER,CAUSAS PERSONALES,CIRCUNSTANCIAL,25/10/2024,ENCONTRADO,28/10/2024,-0.14245,-78.50019
GUAYAS,-2.21016,-79.56466,50,Adultos,HOMBRE,CAUSAS PERSONALES,CIRCUNSTANCIAL,7/10/2024,ENCONTRADO,09/11/2024,-2.21016,-79.56466
MANABI,-0.95603,-80.63849,16,Adolescentes,MUJER,CAUSAS PERSONALES,CIRCUNSTANCIAL,7/10/2024,ENCONTRADO,10/10/2024,-1.20921,-80.15214
DMQ,-0.21882,-78.51355,18,Jóvenes adultos,MUJER,CAUSAS PERSONALES,CIRCUNSTANCIAL,7/10/2024,ENCONTRADO,14/10/2024,-0.22043,-78.52499
COTOPAXI,-1.01316,-78.60817,17,Adolescentes,MUJER,CAUSAS PERSONALES,RELACIÓN AFECTIVA,10/10/2024,ENCONTRADO,14/10/2024,-0.93694,-78.61416
DMG,-2.21366,-79.93314,14,Adolescentes,MUJER,CAUSAS PERSONALES,RELACIÓN AFECTIVA,9/10/2024,ENCONTRADO,11/10/2024,-2.21954,-79.93968
MANABI,-0.97380,-80.70256,13,Adolescentes,MUJER,CAUSAS PERSONALES,CIRCUNSTANCIAL,8/10/2024,ENCONTRADO,11/10/2024,-0.96442,-80.70581
DMQ,-0.29557,-78.55597,52,Adultos mayores,HOMBRE,EXTRAVIADO - DISCAPACIDAD / ENFERMEDADES / TRASTORNOS,DISCAPACIDAD INTELECTUAL,24/10/2024,ENCONTRADO,01/11/2024,-0.25219,-79.18794
DMQ,-0.32809,-78.53786,15,Adolescentes,MUJER,CAUSAS FAMILIARES,NO RELACIONADOS A VIOLENCIA,22/10/2024,ENCONTRADO,11/11/2024,-0.14214,-78.50057
LOS RIOS,-1.57216,-79.46798,13,Adolescentes,MUJER,CAUSAS PERSONALES,RELACIÓN AFECTIVA,20/10/2024,ENCONTRADO,25/10/2024,-1.55208,-79.40286
AZUAY,-2.92359,-79.06663,22,Jóvenes adultos,MUJER,VIOLENCIA ,VIOLENCIA PSICOLÓGICA,10/10/2024,ENCONTRADO,12/10/2024,-2.85906,-79.06156
AZUAY,-2.92359,-79.06663,2,Niños,HOMBRE,CAUSAS FAMILIARES,NO RELACIONADOS A VIOLENCIA,10/10/2024,ENCONTRADO,12/10/2024,-2.85906,-79.06156
DMQ,-0.12733,-78.46075,42,Adultos,HOMBRE,CAUSAS PERSONALES,CIRCUNSTANCIAL,7/10/2024,ENCONTRADO,12/10/2024,-0.12241,-78.46525
DMQ,-0.31575,-78.53465,16,Adolescentes,MUJER,CAUSAS PERSONALES,CIRCUNSTANCIAL,10/10/2024,ENCONTRADO,14/10/2024,-0.14198,-78.49639
CHIMBORAZO,-1.68208,-78.63831,41,Adultos,MUJER,CAUSAS FAMILIARES,NO RELACIONADOS A VIOLENCIA,3/10/2024,ENCONTRADO,13/10/2024,-1.68846,-78.65137
CHIMBORAZO,-1.67717,-78.65056,21,Jóvenes adultos,MUJER,VIOLENCIA ,VIOLENCIA FÍSICA,10/10/2024,ENCONTRADO,11/10/2024,-1.67523,-78.61922
DMQ,0.00114,-78.51639,20,Jóvenes adultos,MUJER,CAUSAS PERSONALES,CIRCUNSTANCIAL,25/10/2024,ENCONTRADO,28/10/2024,-0.14245,-78.50019
DMG,-2.17285,-79.89338,11,Niños,HOMBRE,CAUSAS FAMILIARES,NO RELACIONADOS A VIOLENCIA,9/10/2024,ENCONTRADO,11/10/2024,-1.68166,-78.63646
DMG,-2.17285,-79.89338,15,Adolescentes,MUJER,CAUSAS FAMILIARES,NO RELACIONADOS A VIOLENCIA,9/10/2024,ENCONTRADO,11/10/2024,-1.68166,-78.63646
SANTA ELENA,-2.24078,-80.91682,31,Adultos jóvenes,MUJER,CAUSAS FAMILIARES,NO RELACIONADOS A VIOLENCIA,24/10/2024,ENCONTRADO,28/10/2024,-2.22632,-80.92099
SANTA ELENA,-2.24078,-80.91682,10,Niños,MUJER,CAUSAS FAMILIARES,NO RELACIONADOS A VIOLENCIA,24/10/2024,ENCONTRADO,28/10/2024,-2.22632,-80.92099
DMG,-2.10648,-79.93525,15,Adolescentes,HOMBRE,CERRADO POR FISCALÍA / DELITO REFORMULADO,CERRADO POR FISCALÍA / DELITO REFORMULADO,4/10/2024,ENCONTRADO,02/11/2024,-2.21954,-79.93968
CHIMBORAZO,-1.67447,-78.65716,25,Adultos jóvenes,MUJER,CAUSAS PERSONALES,RELACIÓN AFECTIVA,12/10/2024,ENCONTRADO,14/10/2024,-1.67254,-78.65152
DMQ,-0.21002,-78.48234,15,Adolescentes,HOMBRE,CAUSAS FAMILIARES,NO RELACIONADOS A VIOLENCIA,4/10/2024,ENCONTRADO,14/10/2024,-0.29557,-78.55597
DMQ,-0.07431,-78.46241,15,Adolescentes,MUJER,CAUSAS FAMILIARES,NO RELACIONADOS A VIOLENCIA,8/10/2024,ENCONTRADO,13/10/2024,-0.07431,-78.46241
DMG,-2.15844,-79.88983,43,Adultos,MUJER,CAUSAS SOCIALES,Grupos Delictivos Organizados/GDOS/PANDILLAS/MAFIAS/CARTELES,1/10/2024,ENCONTRADO,02/10/2024,-2.21954,-79.93968
LOS RIOS,-0.97555,-79.48184,15,Adolescentes,HOMBRE,CAUSAS PERSONALES,CIRCUNSTANCIAL,1/10/2024,ENCONTRADO,14/10/2024,-1.01022,-79.46501
LOS RIOS,-1.01625,-79.46573,14,Adolescentes,MUJER,CAUSAS PERSONALES,CIRCUNSTANCIAL,23/10/2024,ENCONTRADO,29/10/2024,-1.01866,-79.46470
MORONA SANTIAGO,-2.45947,-78.16985,12,Niños,MUJER,CAUSAS FAMILIARES,NO RELACIONADOS A VIOLENCIA,20/10/2024,ENCONTRADO,24/10/2024,-2.31607,-78.12462
CARCHI,0.68375,-77.73098,17,Adolescentes,HOMBRE,CAUSAS FAMILIARES,NO RELACIONADOS A VIOLENCIA,11/10/2024,ENCONTRADO,14/10/2024,0.62968,-77.80209
CARCHI,0.60110,-77.83658,15,Adolescentes,HOMBRE,CAUSAS PERSONALES,RELACIÓN AFECTIVA,9/10/2024,ENCONTRADO,14/10/2024,0.54912,-77.81007
SANTA ELENA,-2.24078,-80.91682,6,Niños,HOMBRE,CAUSAS FAMILIARES,NO RELACIONADOS A VIOLENCIA,24/10/2024,ENCONTRADO,28/10/2024,-2.22632,-80.92099
MORONA SANTIAGO,-2.34703,-78.09133,15,Adolescentes,MUJER,CAUSAS PERSONALES,CIRCUNSTANCIAL,9/10/2024,ENCONTRADO,15/10/2024,-2.86758,-79.03763
GUAYAS,-2.16314,-79.43738,59,Adultos mayores,HOMBRE,FALLECIDO,SECUESTRO EXTORSIVO (CON RESULTDADO DE MUERTE),7/10/2024,FALLECIDO,16/10/2024,-1.97577,-79.41349
CHIMBORAZO,-1.67644,-78.66044,15,Adolescentes,MUJER,CAUSAS PERSONALES,RELACIÓN AFECTIVA,6/10/2024,ENCONTRADO,10/10/2024,-1.66214,-78.67483
DMQ,-0.10033,-78.45939,75,Personas de la tercera edad,MUJER,EXTRAVIADO - DISCAPACIDAD / ENFERMEDADES / TRASTORNOS,DISCAPACIDAD INTELECTUAL,12/10/2024,ENCONTRADO,14/10/2024,-0.20532,-78.50467
MORONA SANTIAGO,-2.21195,-78.16240,17,Adolescentes,MUJER,CAUSAS FAMILIARES,NO RELACIONADOS A VIOLENCIA,6/10/2024,ENCONTRADO,15/10/2024,-2.16489,-77.65908
MANABI,0.00395,-79.89670,13,Adolescentes,MUJER,CAUSAS PERSONALES,RELACIÓN AFECTIVA,6/10/2024,ENCONTRADO,15/10/2024,0.00632,-79.79806
DMG,-2.26865,-79.88747,16,Adolescentes,MUJER,CAUSAS PERSONALES,RELACIÓN AFECTIVA,8/10/2024,ENCONTRADO,16/10/2024,-2.21956,-79.94074
GUAYAS,-1.82687,-79.81667,14,Adolescentes,MUJER,CAUSAS PERSONALES,CIRCUNSTANCIAL,27/10/2024,ENCONTRADO,06/11/2024,-1.82807,-79.80895
LOJA,-4.03246,-79.20174,21,Jóvenes adultos,MUJER,CAUSAS PERSONALES,CIRCUNSTANCIAL,24/10/2024,ENCONTRADO,05/11/2024,-4.03236,-79.20175
EL ORO,-3.75859,-79.82547,15,Adolescentes,MUJER,CAUSAS FAMILIARES,NO RELACIONADOS A VIOLENCIA,26/10/2024,ENCONTRADO,03/11/2024,-3.68039,-79.68212
SUCUMBIOS,0.09296,-76.89274,15,Adolescentes,MUJER,CAUSAS FAMILIARES,NO RELACIONADOS A VIOLENCIA,5/10/2024,ENCONTRADO,15/10/2024,0.09303,-76.89306
SANTO DOMINGO DE LOS TSACHILAS,-0.25339,-79.17084,17,Adolescentes,HOMBRE,CAUSAS FAMILIARES,NO RELACIONADOS A VIOLENCIA,13/10/2024,ENCONTRADO,15/10/2024,-2.16897,-79.83972
ZAMORA CHINCHIPE,-3.93281,-78.67445,12,Niños,HOMBRE,CAUSAS FAMILIARES,NO RELACIONADOS A VIOLENCIA,24/10/2024,ENCONTRADO,29/10/2024,-3.93265,-78.67214
MANABI,-1.04362,-80.66063,14,Adolescentes,MUJER,CAUSAS PERSONALES,CIRCUNSTANCIAL,12/10/2024,ENCONTRADO,17/10/2024,-0.96515,-80.70674
DMQ,-0.24285,-78.49736,14,Adolescentes,MUJER,CAUSAS PERSONALES,CIRCUNSTANCIAL,15/10/2024,ENCONTRADO,16/10/2024,-0.14214,-78.50057
DMQ,-0.18868,-78.51371,16,Adolescentes,MUJER,CAUSAS FAMILIARES,NO RELACIONADOS A VIOLENCIA,4/10/2024,ENCONTRADO,16/10/2024,-0.08341,-78.50844
DMG,-2.24758,-79.89232,15,Adolescentes,MUJER,CAUSAS FAMILIARES,NO RELACIONADOS A VIOLENCIA,6/10/2024,ENCONTRADO,17/10/2024,-2.24756,-79.89234
DMG,-2.11602,-79.99901,15,Adolescentes,MUJER,CAUSAS FAMILIARES,NO RELACIONADOS A VIOLENCIA,2/10/2024,ENCONTRADO,17/10/2024,-2.07210,-79.93536
GUAYAS,-2.12522,-79.58517,21,Jóvenes adultos,HOMBRE,FALLECIDO,NO DETERMINADA,7/10/2024,FALLECIDO,10/10/2024,-1.81896,-79.80547
IMBABURA,0.28134,-78.23553,71,Personas de la tercera edad,HOMBRE,EXTRAVIADO - DISCAPACIDAD / ENFERMEDADES / TRASTORNOS,DISCAPACIDAD INTELECTUAL,11/10/2024,ENCONTRADO,14/10/2024,-0.31870,-78.55172
PICHINCHA,0.02282,-78.15074,44,Adultos,MUJER,FALLECIDO,FEMICIDIO,7/10/2024,FALLECIDO,16/10/2024,0.02765,-78.14519
DMQ,-0.14189,-78.45814,20,Jóvenes adultos,HOMBRE,CAUSAS PERSONALES,CIRCUNSTANCIAL,15/10/2024,ENCONTRADO,16/10/2024,-0.15681,-78.47946
IMBABURA,0.32980,-78.21705,18,Jóvenes adultos,MUJER,CAUSAS FAMILIARES,NO RELACIONADOS A VIOLENCIA,8/10/2024,ENCONTRADO,11/10/2024,0.32848,-78.21435
MANABI,-1.20690,-80.36865,14,Adolescentes,MUJER,VIOLENCIA ,ACOSO/VIOLENCIA SEXUAL,25/10/2024,ENCONTRADO,26/10/2024,-1.03951,-80.46059
DMQ,-0.08361,-78.41184,82,Personas de la tercera edad,HOMBRE,CAUSAS PERSONALES,CIRCUNSTANCIAL,14/10/2024,ENCONTRADO,17/10/2024,-0.08352,-78.41203
SANTO DOMINGO DE LOS TSACHILAS,-0.25294,-79.14986,16,Adolescentes,MUJER,CAUSAS PERSONALES,CIRCUNSTANCIAL,4/10/2024,ENCONTRADO,16/10/2024,-0.24698,-79.16345
CARCHI,0.81628,-77.70084,15,Adolescentes,HOMBRE,CAUSAS FAMILIARES,NO RELACIONADOS A VIOLENCIA,3/10/2024,ENCONTRADO,23/10/2024,0.80683,-77.73419
DMQ,-0.28001,-78.52398,18,Jóvenes adultos,MUJER,VIOLENCIA ,VIOLENCIA FÍSICA,15/10/2024,ENCONTRADO,17/10/2024,-0.20698,-78.49780
EL ORO,-3.47354,-80.23498,17,Adolescentes,MUJER,CAUSAS PERSONALES,RELACIÓN AFECTIVA,8/10/2024,ENCONTRADO,16/10/2024,-3.48188,-80.21594
DMG,-2.09902,-79.95402,30,Adultos jóvenes,HOMBRE,FALLECIDO,NO DETERMINADA,2/10/2024,FALLECIDO,18/10/2024,-2.19487,-79.93848
DMG,-2.10101,-79.94751,15,Adolescentes,MUJER,CAUSAS FAMILIARES,NO RELACIONADOS A VIOLENCIA,8/10/2024,ENCONTRADO,18/10/2024,-2.18978,-79.88777
DMG,-2.18913,-79.88990,15,Adolescentes,MUJER,CAUSAS PERSONALES,RELACIÓN AFECTIVA,4/10/2024,ENCONTRADO,18/10/2024,-2.21036,-79.90001
CHIMBORAZO,-1.64982,-78.66951,19,Jóvenes adultos,HOMBRE,CAUSAS PERSONALES,CIRCUNSTANCIAL,16/10/2024,ENCONTRADO,18/10/2024,-1.65581,-78.69518
DMG,-2.07680,-79.92699,14,Adolescentes,HOMBRE,CAUSAS FAMILIARES,NO RELACIONADOS A VIOLENCIA,3/10/2024,ENCONTRADO,10/10/2024,-2.07475,-79.93357
PICHINCHA,0.04254,-78.14588,19,Jóvenes adultos,HOMBRE,EXTRAVIADO - DISCAPACIDAD / ENFERMEDADES / TRASTORNOS,DISCAPACIDAD INTELECTUAL,10/10/2024,ENCONTRADO,17/10/2024,0.81656,-77.67075
PICHINCHA,0.04955,-78.14577,37,Adultos,HOMBRE,CAUSAS PERSONALES,CIRCUNSTANCIAL,9/10/2024,ENCONTRADO,18/10/2024,0.04050,-78.14164
IMBABURA,0.33473,-78.17868,15,Adolescentes,HOMBRE,CAUSAS PERSONALES,CIRCUNSTANCIAL,5/10/2024,ENCONTRADO,21/10/2024,0.33929,-78.21343
DMG,-2.10933,-79.94871,14,Adolescentes,HOMBRE,CAUSAS FAMILIARES,NO RELACIONADOS A VIOLENCIA,4/10/2024,ENCONTRADO,19/10/2024,-2.10933,-79.94871
AZUAY,-2.90270,-78.99797,14,Adolescentes,MUJER,CAUSAS FAMILIARES,NO RELACIONADOS A VIOLENCIA,14/10/2024,ENCONTRADO,19/10/2024,-2.88939,-78.99285
AZUAY,-2.90270,-78.99797,13,Adolescentes,MUJER,CAUSAS FAMILIARES,NO RELACIONADOS A VIOLENCIA,14/10/2024,ENCONTRADO,19/10/2024,-2.88939,-78.99285
CHIMBORAZO,-1.67441,-78.63441,17,Adolescentes,HOMBRE,CAUSAS PERSONALES,CIRCUNSTANCIAL,17/10/2024,ENCONTRADO,19/10/2024,-1.68469,-78.64107
AZUAY,-2.90140,-79.03089,14,Adolescentes,HOMBRE,CAUSAS FAMILIARES,NO RELACIONADOS A VIOLENCIA,10/10/2024,ENCONTRADO,16/10/2024,-2.90140,-79.03089
AZUAY,-2.77205,-78.71278,15,Adolescentes,MUJER,CAUSAS FAMILIARES,NO RELACIONADOS A VIOLENCIA,7/10/2024,ENCONTRADO,16/10/2024,-2.78041,-78.76036
DMG,-2.11843,-79.94745,43,Adultos,HOMBRE,FALLECIDO,NO DETERMINADA,3/10/2024,FALLECIDO,08/10/2024,-2.19503,-79.93852
DMG,-2.21029,-79.91069,17,Adolescentes,HOMBRE,CAUSAS PERSONALES,CIRCUNSTANCIAL,19/10/2024,ENCONTRADO,21/10/2024,-2.19218,-79.92170
AZUAY,-2.91428,-79.01055,45,Adultos,HOMBRE,CAUSAS FAMILIARES,NO RELACIONADOS A VIOLENCIA,16/10/2024,ENCONTRADO,19/10/2024,-2.90507,-79.02741
AZUAY,-2.90515,-79.01482,16,Adolescentes,HOMBRE,CAUSAS FAMILIARES,NO RELACIONADOS A VIOLENCIA,16/10/2024,ENCONTRADO,17/10/2024,-2.91642,-79.02457
TUNGURAHUA,-1.40005,-78.42070,12,Niños,MUJER,CAUSAS PERSONALES,RELACIÓN AFECTIVA,27/10/2024,ENCONTRADO,29/10/2024,-1.39786,-78.42378
AZUAY,-2.89499,-78.99307,69,Personas de la tercera edad,MUJER,CAUSAS FAMILIARES,NO RELACIONADOS A VIOLENCIA,15/10/2024,ENCONTRADO,17/10/2024,-0.14214,-78.50016
AZUAY,-2.87961,-79.06141,15,Adolescentes,HOMBRE,CAUSAS FAMILIARES,NO RELACIONADOS A VIOLENCIA,17/10/2024,ENCONTRADO,21/10/2024,-2.90506,-79.02742
DMQ,-0.10682,-78.50873,15,Adolescentes,MUJER,CAUSAS PERSONALES,CIRCUNSTANCIAL,11/10/2024,ENCONTRADO,15/10/2024,-0.09362,-78.50610
DMQ,-0.20849,-78.48577,57,Adultos mayores,HOMBRE,CAUSAS SOCIALES,ALCOHOLISMO,11/10/2024,ENCONTRADO,21/10/2024,-0.90856,-77.80814
AZUAY,-2.88460,-78.98925,87,Personas de la tercera edad,HOMBRE,CAUSAS FAMILIARES,NO RELACIONADOS A VIOLENCIA,10/10/2024,ENCONTRADO,20/10/2024,-2.88410,-79.02490
DMQ,-0.09097,-78.43001,46,Adultos,HOMBRE,FALLECIDO,NO DETERMINADA,17/10/2024,FALLECIDO,26/10/2024,-0.11486,-78.44822
DMG,-2.09817,-79.94951,24,Jóvenes adultos,HOMBRE,FALLECIDO,ASESINATO,26/10/2024,FALLECIDO,28/10/2024,-2.03588,-79.92663
AZUAY,-2.88460,-78.98925,90,Personas de la tercera edad,MUJER,CAUSAS FAMILIARES,NO RELACIONADOS A VIOLENCIA,10/10/2024,ENCONTRADO,20/10/2024,-2.88410,-79.02490
IMBABURA,0.24553,-78.08398,32,Adultos jóvenes,HOMBRE,CAUSAS PERSONALES,CIRCUNSTANCIAL,9/10/2024,ENCONTRADO,21/10/2024,0.32793,-78.21533
DMQ,-0.16675,-78.47462,76,Personas de la tercera edad,HOMBRE,EXTRAVIADO - DISCAPACIDAD / ENFERMEDADES / TRASTORNOS,DISCAPACIDAD PSICOSOCIAL ,20/10/2024,ENCONTRADO,21/10/2024,-0.06399,-78.35009
DMQ,-0.13571,-78.46153,71,Personas de la tercera edad,MUJER,CAUSAS PERSONALES,CIRCUNSTANCIAL,20/10/2024,ENCONTRADO,21/10/2024,-0.14470,-78.47328
MORONA SANTIAGO,-2.71780,-78.31963,13,Adolescentes,MUJER,CAUSAS FAMILIARES,NO RELACIONADOS A VIOLENCIA,9/10/2024,ENCONTRADO,22/10/2024,-2.31337,-78.12134
CHIMBORAZO,-2.28903,-78.92611,14,Adolescentes,MUJER,CAUSAS FAMILIARES,NO RELACIONADOS A VIOLENCIA,7/10/2024,ENCONTRADO,22/10/2024,-2.28903,-78.92611
SUCUMBIOS,0.09039,-76.89330,15,Adolescentes,MUJER,CAUSAS PERSONALES,CIRCUNSTANCIAL,25/10/2024,ENCONTRADO,27/10/2024,0.08046,-76.92713
DMG,-2.05269,-79.95767,,,HOMBRE,CAUSAS FAMILIARES,NO RELACIONADOS A VIOLENCIA,11/10/2024,ENCONTRADO,08/11/2024,-2.18605,-79.85481
MORONA SANTIAGO,-2.21539,-78.16690,14,Adolescentes,MUJER,CAUSAS FAMILIARES,NO RELACIONADOS A VIOLENCIA,15/10/2024,ENCONTRADO,16/10/2024,-2.26615,-78.12895
DMQ,-0.21930,-78.52155,69,Personas de la tercera edad,MUJER,CAUSAS PERSONALES,CIRCUNSTANCIAL,12/10/2024,ENCONTRADO,20/10/2024,-1.25434,-78.62285
TUNGURAHUA,-1.24725,-78.62001,34,Adultos jóvenes,MUJER,CAUSAS PERSONALES,RELACIÓN AFECTIVA,14/10/2024,ENCONTRADO,16/10/2024,-1.49288,-77.99980
GUAYAS,-2.63391,-80.38336,14,Adolescentes,MUJER,CAUSAS PERSONALES,RELACIÓN AFECTIVA,11/10/2024,ENCONTRADO,17/10/2024,-2.62743,-80.38662
DMQ,-0.30122,-78.56157,13,Adolescentes,MUJER,CAUSAS FAMILIARES,NO RELACIONADOS A VIOLENCIA,6/10/2024,ENCONTRADO,21/10/2024,-0.29992,-78.52562
ESMERALDAS,1.06854,-79.41563,15,Adolescentes,MUJER,CAUSAS FAMILIARES,NO RELACIONADOS A VIOLENCIA,14/10/2024,ENCONTRADO,22/10/2024,1.06853,-79.41317
CHIMBORAZO,-1.65704,-78.65234,38,Adultos,HOMBRE,POSIBLE VINCULACION A DELITO,ROBO(ESCOPOLAMINA U OTRA DROGA ALUCINÓGENA ALTAMENTE TÓXICA),20/10/2024,ENCONTRADO,21/10/2024,-1.39642,-78.42376
CHIMBORAZO,-1.67333,-78.64640,13,Adolescentes,MUJER,CAUSAS FAMILIARES,NO RELACIONADOS A VIOLENCIA,29/10/2024,ENCONTRADO,29/10/2024,-1.65867,-78.65540
DMQ,-0.19401,-78.49707,34,Adultos jóvenes,HOMBRE,FALLECIDO,NO DETERMINADA,5/10/2024,FALLECIDO,06/11/2024,-0.18260,-78.50411
ESMERALDAS,0.11017,-79.42538,14,Adolescentes,MUJER,CAUSAS FAMILIARES,NO RELACIONADOS A VIOLENCIA,24/10/2024,ENCONTRADO,11/11/2024,-0.11147,-78.49608
DMQ,-0.32962,-78.55437,14,Adolescentes,HOMBRE,CAUSAS PERSONALES,CIRCUNSTANCIAL,25/10/2024,ENCONTRADO,29/10/2024,-0.25219,-79.18794
EL ORO,-3.25756,-79.99418,1,Niños,HOMBRE,CAUSAS FAMILIARES,NO RELACIONADOS A VIOLENCIA,16/10/2024,ENCONTRADO,06/11/2024,-3.26278,-79.96318
DMQ,-0.09405,-78.45101,17,Adolescentes,MUJER,CAUSAS PERSONALES,CIRCUNSTANCIAL,19/10/2024,ENCONTRADO,24/10/2024,-0.09405,-78.45101
DMQ,-0.29220,-78.57425,81,Personas de la tercera edad,MUJER,EXTRAVIADO - DISCAPACIDAD / ENFERMEDADES / TRASTORNOS,DISCAPACIDAD FÍSICA,27/10/2024,ENCONTRADO,29/10/2024,-0.12726,-78.49765
DMG,-2.21320,-79.93019,45,Adultos,HOMBRE,POSIBLE VINCULACION A DELITO,SECUESTRO EXTORSIVO,15/10/2024,ENCONTRADO,11/11/2024,-2.21954,-79.93968
DMG,-2.18052,-79.89072,16,Adolescentes,HOMBRE,CAUSAS FAMILIARES,NO RELACIONADOS A VIOLENCIA,4/10/2024,ENCONTRADO,09/10/2024,-1.67310,-78.65642
DMQ,-0.30860,-78.56183,18,Jóvenes adultos,MUJER,CAUSAS PERSONALES,CIRCUNSTANCIAL,30/10/2024,ENCONTRADO,01/11/2024,-0.14214,-78.50057
BOLIVAR,-1.59042,-79.00228,25,Adultos jóvenes,MUJER,CAUSAS PERSONALES,RELACIÓN AFECTIVA,19/10/2024,ENCONTRADO,29/10/2024,-1.81975,-80.23771
CHIMBORAZO,-1.59629,-78.70261,15,Adolescentes,MUJER,CAUSAS PERSONALES,CIRCUNSTANCIAL,31/10/2024,ENCONTRADO,08/11/2024,-1.65420,-78.68145
DMQ,-0.12873,-78.51426,27,Adultos jóvenes,MUJER,CAUSAS FAMILIARES,NO RELACIONADOS A VIOLENCIA,19/10/2024,ENCONTRADO,28/10/2024,-0.12852,-78.51388
DMQ,-0.19795,-78.50480,44,Adultos,HOMBRE,POSIBLE VINCULACION A DELITO,ROBO(ESCOPOLAMINA U OTRA DROGA ALUCINÓGENA ALTAMENTE TÓXICA),29/10/2024,ENCONTRADO,30/10/2024,-0.26586,-78.53538
DMQ,-0.21956,-78.51324,21,Jóvenes adultos,HOMBRE,EXTRAVIADO - DISCAPACIDAD / ENFERMEDADES / TRASTORNOS,DISCAPACIDAD INTELECTUAL,11/10/2024,ENCONTRADO,26/10/2024,-1.25434,-78.62285
ORELLANA,-0.46405,-76.99088,16,Adolescentes,MUJER,CAUSAS PERSONALES,RELACIÓN AFECTIVA,30/10/2024,ENCONTRADO,30/10/2024,-0.38964,-77.00745
DMG,-2.14655,-79.92167,18,Jóvenes adultos,MUJER,CAUSAS PERSONALES,CIRCUNSTANCIAL,18/10/2024,ENCONTRADO,06/11/2024,-2.21988,-79.93764
DMG,-2.28343,-79.88488,26,Adultos jóvenes,HOMBRE,CAUSAS PERSONALES,CIRCUNSTANCIAL,8/10/2024,ENCONTRADO,25/10/2024,-2.23317,-79.89813
DMQ,-0.14880,-78.50772,15,Adolescentes,HOMBRE,CAUSAS PERSONALES,CIRCUNSTANCIAL,27/10/2024,ENCONTRADO,30/10/2024,-0.14210,-78.50049
MORONA SANTIAGO,-2.36305,-78.12095,14,Adolescentes,MUJER,CAUSAS FAMILIARES,NO RELACIONADOS A VIOLENCIA,31/10/2024,ENCONTRADO,07/11/2024,-2.30744,-78.12023
DMQ,-0.23320,-78.53230,14,Adolescentes,HOMBRE,CAUSAS PERSONALES,RELACIÓN AFECTIVA,25/10/2024,ENCONTRADO,02/11/2024,-0.10239,-78.52279
DMG,-2.20451,-79.90455,21,Jóvenes adultos,MUJER,CAUSAS FAMILIARES,NO RELACIONADOS A VIOLENCIA,7/10/2024,ENCONTRADO,12/10/2024,-2.20636,-79.90766
DMQ,-0.13537,-78.46118,34,Adultos jóvenes,HOMBRE,CAUSAS PERSONALES,CIRCUNSTANCIAL,28/10/2024,ENCONTRADO,06/11/2024,-0.33016,-78.45107
DMG,-2.09960,-79.90547,15,Adolescentes,MUJER,CAUSAS FAMILIARES,NO RELACIONADOS A VIOLENCIA,12/10/2024,ENCONTRADO,19/10/2024,-2.17631,-79.89232
DMG,-2.17388,-79.88193,29,Adultos jóvenes,MUJER,EXTRAVIADO - DISCAPACIDAD / ENFERMEDADES / TRASTORNOS,DISCAPACIDAD INTELECTUAL,1/10/2024,ENCONTRADO,06/11/2024,-0.13801,-78.47145
LOJA,-3.95963,-79.24088,32,Adultos jóvenes,MUJER,CAUSAS FAMILIARES,NO RELACIONADOS A VIOLENCIA,31/10/2024,ENCONTRADO,11/11/2024,-3.97971,-79.20127
DMG,-2.15819,-79.78698,17,Adolescentes,MUJER,CAUSAS PERSONALES,RELACIÓN AFECTIVA,9/10/2024,ENCONTRADO,12/11/2024,-2.16791,-79.80314
SANTO DOMINGO DE LOS TSACHILAS,0.00917,-79.39161,15,Adolescentes,HOMBRE,CAUSAS FAMILIARES,NO RELACIONADOS A VIOLENCIA,6/10/2024,ENCONTRADO,12/11/2024,-2.30744,-78.12023
DMG,-2.06483,-79.89304,67,Personas de la tercera edad,HOMBRE,FALLECIDO,ACCIDENTAL,18/10/2024,FALLECIDO,22/10/2024,-2.19503,-79.93856
DMG,-2.27790,-79.90781,32,Adultos jóvenes,HOMBRE,FALLECIDO,ASESINATO,29/10/2024,FALLECIDO,30/10/2024,-2.19392,-79.93716
DMQ,-0.28050,-78.56251,23,Jóvenes adultos,MUJER,CAUSAS PERSONALES,CIRCUNSTANCIAL,28/10/2024,ENCONTRADO,30/10/2024,-1.39521,-78.42459
SANTO DOMINGO DE LOS TSACHILAS,0.00584,-79.39690,12,Niños,HOMBRE,CAUSAS FAMILIARES,NO RELACIONADOS A VIOLENCIA,4/10/2024,ENCONTRADO,29/10/2024,-0.00368,-79.39521
DMQ,-0.28050,-78.56251,1,Niños,MUJER,CAUSAS PERSONALES,CIRCUNSTANCIAL,28/10/2024,ENCONTRADO,30/10/2024,-1.39521,-78.42459
LOJA,-3.95963,-79.24088,10,Niños,HOMBRE,CAUSAS FAMILIARES,NO RELACIONADOS A VIOLENCIA,31/10/2024,ENCONTRADO,11/11/2024,-3.97971,-79.20127
PASTAZA,-1.49094,-77.99869,15,Adolescentes,MUJER,CAUSAS PERSONALES,RELACIÓN AFECTIVA,14/10/2024,ENCONTRADO,21/10/2024,-1.48449,-77.99700
DMG,-2.24756,-79.89234,38,Adultos,HOMBRE,FALLECIDO,NO DETERMINADA,19/10/2024,FALLECIDO,13/11/2024,-2.18913,-79.88990
DMQ,-0.27977,-78.51497,15,Adolescentes,MUJER,CAUSAS FAMILIARES,NO RELACIONADOS A VIOLENCIA,25/10/2024,ENCONTRADO,11/11/2024,-0.27764,-78.51281
DMQ,-0.16029,-78.49990,85,Personas de la tercera edad,HOMBRE,CAUSAS FAMILIARES,NO RELACIONADOS A VIOLENCIA,14/10/2024,ENCONTRADO,06/11/2024,-0.18682,-78.49411
DMQ,-0.16940,-78.43540,13,Adolescentes,MUJER,CAUSAS FAMILIARES,NO RELACIONADOS A VIOLENCIA,9/10/2024,ENCONTRADO,05/11/2024,-0.17240,-78.48578
MANABI,-1.05760,-80.47506,42,Adultos,HOMBRE,CAUSAS SOCIALES,DETENCIÓN ,28/10/2024,ENCONTRADO,30/10/2024,-1.05472,-80.45249
DMQ,-0.16029,-78.49990,50,Adultos,HOMBRE,CAUSAS PERSONALES,CIRCUNSTANCIAL,14/10/2024,ENCONTRADO,06/11/2024,0.81407,-77.66415
IMBABURA,0.33860,-78.12984,14,Adolescentes,MUJER,CAUSAS FAMILIARES,NO RELACIONADOS A VIOLENCIA,31/10/2024,ENCONTRADO,01/11/2024,0.34025,-78.11832
MANABI,-0.62874,-80.43045,40,Adultos,HOMBRE,FALLECIDO,ASESINATO,7/10/2024,FALLECIDO,18/10/2024,-0.55524,-80.43726
IMBABURA,0.35530,-78.12508,14,Adolescentes,MUJER,CAUSAS PERSONALES,RELACIÓN AFECTIVA,30/10/2024,ENCONTRADO,06/11/2024,0.35530,-78.12508
DMQ,-0.20410,-78.50120,30,Adultos jóvenes,HOMBRE,EXTRAVIADO - DISCAPACIDAD / ENFERMEDADES / TRASTORNOS,DISCAPACIDAD INTELECTUAL,29/10/2024,ENCONTRADO,31/10/2024,-0.19968,-78.47676
SANTO DOMINGO DE LOS TSACHILAS,-0.26822,-79.17970,16,Adolescentes,HOMBRE,CAUSAS PERSONALES,RELACIÓN AFECTIVA,29/10/2024,ENCONTRADO,01/11/2024,-0.25219,-79.18794
DMQ,-0.08753,-78.46892,12,Niños,HOMBRE,CAUSAS PERSONALES,CIRCUNSTANCIAL,24/10/2024,ENCONTRADO,30/10/2024,-0.08753,-78.46892
DMQ,-0.30884,-78.56297,15,Adolescentes,HOMBRE,CAUSAS PERSONALES,RELACIÓN AFECTIVA,28/10/2024,ENCONTRADO,05/11/2024,-0.14225,-78.50030
DMG,-2.12685,-79.93924,15,Adolescentes,MUJER,CAUSAS ACADÉMICAS,ACADÉMICO/ESCOLAR (RENDIMIENTO),12/10/2024,ENCONTRADO,25/10/2024,-2.12682,-79.93899
EL ORO,-3.25903,-79.95195,86,Personas de la tercera edad,HOMBRE,EXTRAVIADO - DISCAPACIDAD / ENFERMEDADES / TRASTORNOS,DISCAPACIDAD INTELECTUAL,30/10/2024,ENCONTRADO,02/11/2024,-3.31662,-79.59578
DMQ,-0.24236,-78.49011,20,Jóvenes adultos,MUJER,CAUSAS PERSONALES,CIRCUNSTANCIAL,31/10/2024,ENCONTRADO,05/11/2024,-0.14214,-78.50057
DMQ,-0.32753,-78.56752,30,Adultos jóvenes,HOMBRE,CAUSAS SOCIALES,ALCOHOLISMO,26/10/2024,ENCONTRADO,27/10/2024,-0.31060,-78.54623
DMQ,-0.22233,-78.50531,12,Niños,MUJER,CAUSAS PERSONALES,CIRCUNSTANCIAL,29/10/2024,ENCONTRADO,31/10/2024,-0.14245,-78.50019
TUNGURAHUA,-1.21476,-78.61164,14,Adolescentes,MUJER,CAUSAS FAMILIARES,NO RELACIONADOS A VIOLENCIA,17/10/2024,ENCONTRADO,31/10/2024,-1.23618,-78.62376
TUNGURAHUA,-1.25046,-78.63756,53,Adultos mayores,HOMBRE,FALLECIDO,NO DETERMINADA,30/10/2024,FALLECIDO,06/11/2024,-1.06687,-78.58236
PICHINCHA,0.04110,-78.20774,15,Adolescentes,MUJER,CAUSAS FAMILIARES,NO RELACIONADOS A VIOLENCIA,28/10/2024,ENCONTRADO,04/11/2024,0.04110,-78.20774
IMBABURA,0.33239,-78.21628,13,Adolescentes,MUJER,CAUSAS FAMILIARES,NO RELACIONADOS A VIOLENCIA,26/10/2024,ENCONTRADO,30/10/2024,0.33239,-78.21628
LOS RIOS,-1.80283,-79.52876,39,Adultos,HOMBRE,FALLECIDO,ASESINATO,4/10/2024,FALLECIDO,07/10/2024,-1.66806,-79.67266
CAÑAR,-2.42046,-79.34374,80,Personas de la tercera edad,HOMBRE,FALLECIDO,MUERTE NATURAL,26/10/2024,FALLECIDO,01/11/2024,-2.44151,-79.33364
EL ORO,-3.25637,-79.96320,14,Adolescentes,MUJER,CAUSAS FAMILIARES,NO RELACIONADOS A VIOLENCIA,22/10/2024,ENCONTRADO,31/10/2024,-3.31405,-79.95309
IMBABURA,0.36238,-78.13446,20,Jóvenes adultos,HOMBRE,CAUSAS FAMILIARES,NO RELACIONADOS A VIOLENCIA,14/10/2024,ENCONTRADO,29/10/2024,0.36527,-78.13100
DMG,-2.09478,-79.92915,15,Adolescentes,HOMBRE,FALLECIDO,NO DETERMINADA,19/10/2024,FALLECIDO,31/10/2024,-2.19487,-79.93848
EL ORO,-3.24777,-79.96924,32,Adultos jóvenes,MUJER,EXTRAVIADO - DISCAPACIDAD / ENFERMEDADES / TRASTORNOS,DISCAPACIDAD INTELECTUAL,26/10/2024,ENCONTRADO,31/10/2024,-3.26254,-79.96206
IMBABURA,0.20296,-78.19105,34,Adultos jóvenes,HOMBRE,CAUSAS SOCIALES,ALCOHOLISMO,26/10/2024,ENCONTRADO,01/11/2024,0.20583,-78.18908
DMG,-2.17476,-79.90122,40,Adultos,MUJER,CAUSAS PERSONALES,CIRCUNSTANCIAL,4/10/2024,ENCONTRADO,26/10/2024,-2.22150,-79.94170
COTOPAXI,-0.93400,-78.61457,15,Adolescentes,HOMBRE,CAUSAS FAMILIARES,NO RELACIONADOS A VIOLENCIA,30/10/2024,ENCONTRADO,07/11/2024,-0.93142,-78.61767
DMQ,-0.22043,-78.52499,16,Adolescentes,MUJER,CAUSAS PERSONALES,CIRCUNSTANCIAL,9/10/2024,ENCONTRADO,29/10/2024,-0.21422,-78.51071
DMQ,-0.26100,-78.53863,91,Personas de la tercera edad,MUJER,CAUSAS FAMILIARES,NO RELACIONADOS A VIOLENCIA,23/10/2024,ENCONTRADO,30/10/2024,-2.18913,-79.88990
DMG,-2.22486,-79.92906,16,Adolescentes,MUJER,CAUSAS PERSONALES,RELACIÓN AFECTIVA,28/10/2024,ENCONTRADO,06/11/2024,-2.15599,-79.92157
IMBABURA,0.33923,-78.16784,14,Adolescentes,MUJER,CAUSAS FAMILIARES,NO RELACIONADOS A VIOLENCIA,18/10/2024,ENCONTRADO,24/10/2024,0.32869,-78.21416
DMQ,-0.27393,-78.55458,14,Adolescentes,MUJER,CAUSAS FAMILIARES,NO RELACIONADOS A VIOLENCIA,21/10/2024,ENCONTRADO,30/10/2024,-0.21189,-78.50490
EL ORO,-3.67718,-79.68808,58,Adultos mayores,HOMBRE,EXTRAVIADO - AUSENCIA TEMPORAL,ACCIDENTADO,29/10/2024,ENCONTRADO,30/10/2024,-3.68422,-79.67835
DMG,-2.10993,-79.97498,25,Adultos jóvenes,HOMBRE,FALLECIDO,NO DETERMINADA,5/10/2024,FALLECIDO,05/11/2024,-2.19487,-79.93848
EL ORO,-3.24472,-79.83181,13,Adolescentes,MUJER,CAUSAS FAMILIARES,NO RELACIONADOS A VIOLENCIA,22/10/2024,ENCONTRADO,05/11/2024,-1.03548,-80.52727
DMQ,-0.18896,-78.50787,17,Adolescentes,MUJER,CAUSAS FAMILIARES,NO RELACIONADOS A VIOLENCIA,27/10/2024,ENCONTRADO,31/10/2024,-0.14214,-78.50057
SANTO DOMINGO DE LOS TSACHILAS,-0.20430,-79.27517,16,Adolescentes,MUJER,CAUSAS FAMILIARES,NO RELACIONADOS A VIOLENCIA,26/10/2024,ENCONTRADO,30/10/2024,-0.25219,-79.18794
DMQ,-0.21069,-78.39560,16,Adolescentes,MUJER,CAUSAS PERSONALES,CIRCUNSTANCIAL,7/10/2024,ENCONTRADO,12/11/2024,-0.46167,-76.99311
DMQ,-0.15908,-78.47728,16,Adolescentes,MUJER,CAUSAS PERSONALES,CIRCUNSTANCIAL,31/10/2024,ENCONTRADO,01/11/2024,-0.14214,-78.50057
SUCUMBIOS,0.12229,-76.85122,12,Niños,MUJER,CAUSAS FAMILIARES,NO RELACIONADOS A VIOLENCIA,9/10/2024,ENCONTRADO,04/11/2024,0.08263,-76.88825
EL ORO,-3.24631,-79.97156,18,Jóvenes adultos,MUJER,CAUSAS FAMILIARES,NO RELACIONADOS A VIOLENCIA,21/10/2024,ENCONTRADO,24/10/2024,-3.26217,-79.96276
EL ORO,-3.25519,-79.99119,23,Jóvenes adultos,HOMBRE,CAUSAS PERSONALES,CIRCUNSTANCIAL,30/10/2024,ENCONTRADO,06/11/2024,-3.25716,-79.98960
DMQ,-0.20331,-78.49078,30,Adultos jóvenes,HOMBRE,CAUSAS PERSONALES,CIRCUNSTANCIAL,31/10/2024,ENCONTRADO,06/11/2024,-0.18550,-78.48372
SANTO DOMINGO DE LOS TSACHILAS,-0.25219,-79.18794,15,Adolescentes,MUJER,CAUSAS FAMILIARES,NO RELACIONADOS A VIOLENCIA,21/10/2024,ENCONTRADO,30/10/2024,-0.88577,-79.48726
DMQ,-0.38116,-78.50361,16,Adolescentes,MUJER,CAUSAS PERSONALES,CIRCUNSTANCIAL,26/10/2024,ENCONTRADO,08/11/2024,-0.38116,-78.50361
EL ORO,-3.24969,-79.95438,20,Jóvenes adultos,HOMBRE,CAUSAS PERSONALES,CIRCUNSTANCIAL,31/10/2024,ENCONTRADO,10/11/2024,-3.26250,-79.96210
LOS RIOS,-1.53490,-79.78484,14,Adolescentes,MUJER,CAUSAS PERSONALES,CIRCUNSTANCIAL,8/10/2024,ENCONTRADO,19/10/2024,-1.53490,-79.78484
PICHINCHA,0.02380,-78.89601,16,Adolescentes,MUJER,CAUSAS PERSONALES,RELACIÓN AFECTIVA,7/10/2024,ENCONTRADO,23/10/2024,-0.24698,-78.98881
AZUAY,-2.90484,-78.98400,65,Adultos mayores,HOMBRE,CAUSAS FAMILIARES,NO RELACIONADOS A VIOLENCIA,16/10/2024,ENCONTRADO,30/10/2024,-2.89570,-79.01920
CHIMBORAZO,-1.77921,-78.73182,15,Adolescentes,MUJER,CAUSAS PERSONALES,RELACIÓN AFECTIVA,19/10/2024,ENCONTRADO,21/10/2024,-1.67292,-78.65144
DMG,-2.18913,-79.88990,67,Personas de la tercera edad,MUJER,EXTRAVIADO - DISCAPACIDAD / ENFERMEDADES / TRASTORNOS,DISCAPACIDAD FÍSICA,21/10/2024,ENCONTRADO,06/11/2024,-2.19608,-79.90133
DMQ,-0.30122,-78.56157,15,Adolescentes,MUJER,CAUSAS FAMILIARES,NO RELACIONADOS A VIOLENCIA,22/10/2024,ENCONTRADO,28/10/2024,-0.29959,-78.57317
SANTO DOMINGO DE LOS TSACHILAS,-0.25219,-79.18794,15,Adolescentes,MUJER,CAUSAS FAMILIARES,NO RELACIONADOS A VIOLENCIA,2/10/2024,ENCONTRADO,30/10/2024,0.97058,-79.65300
MANABI,-1.00471,-80.69974,11,Niños,HOMBRE,CAUSAS FAMILIARES,NO RELACIONADOS A VIOLENCIA,23/10/2024,ENCONTRADO,02/11/2024,-0.96515,-80.70674
LOS RIOS,-1.80283,-79.52876,21,Jóvenes adultos,HOMBRE,FALLECIDO,ASESINATO,4/10/2024,FALLECIDO,07/10/2024,-1.66806,-79.67266
DMG,-2.19671,-79.89356,22,Jóvenes adultos,MUJER,CAUSAS PERSONALES,RELACIÓN AFECTIVA,26/10/2024,ENCONTRADO,12/11/2024,-2.21929,-79.94076
IMBABURA,0.32953,-78.12435,56,Adultos mayores,HOMBRE,CAUSAS PERSONALES,CIRCUNSTANCIAL,11/10/2024,ENCONTRADO,29/10/2024,-0.19600,-78.50589
GUAYAS,-2.15798,-79.45872,32,Adultos jóvenes,HOMBRE,FALLECIDO,NO DETERMINADA,12/10/2024,FALLECIDO,31/10/2024,-2.09883,-79.62756
EL ORO,-3.44730,-79.96247,71,Personas de la tercera edad,HOMBRE,CAUSAS PERSONALES,CIRCUNSTANCIAL,27/10/2024,ENCONTRADO,07/11/2024,-3.45975,-79.96486
ESMERALDAS,0.97667,-79.65637,17,Adolescentes,HOMBRE,CAUSAS FAMILIARES,NO RELACIONADOS A VIOLENCIA,12/10/2024,ENCONTRADO,01/11/2024,0.93124,-79.66271
DMG,-2.14317,-79.87945,16,Adolescentes,HOMBRE,CAUSAS PERSONALES,CIRCUNSTANCIAL,15/10/2024,ENCONTRADO,23/10/2024,-0.93441,-78.62071
DMG,-2.20160,-79.92376,13,Adolescentes,MUJER,CAUSAS PERSONALES,CIRCUNSTANCIAL,21/10/2024,ENCONTRADO,02/11/2024,-1.86667,-79.97720
IMBABURA,0.32300,-78.16438,20,Jóvenes adultos,MUJER,CAUSAS FAMILIARES,NO RELACIONADOS A VIOLENCIA,8/10/2024,ENCONTRADO,15/10/2024,0.32869,-78.21420
MANABI,-0.27041,-79.44939,11,Niños,HOMBRE,VIOLENCIA ,VIOLENCIA FÍSICA,17/10/2024,ENCONTRADO,22/10/2024,-0.25248,-79.21810
DMG,-2.22775,-79.93954,15,Adolescentes,MUJER,SIN_DATO,SIN_DATO,28/10/2024,DESAPARECIDO,SIN_DATO,SIN_DATO,SIN_DATO
GUAYAS,-2.09559,-79.55267,16,Adolescentes,MUJER,SIN_DATO,SIN_DATO,14/10/2024,DESAPARECIDO,SIN_DATO,SIN_DATO,SIN_DATO
PASTAZA,-1.55876,-77.89108,71,Personas de la tercera edad,MUJER,SIN_DATO,SIN_DATO,2/10/2024,DESAPARECIDO,SIN_DATO,SIN_DATO,SIN_DATO
DMQ,-0.30860,-78.56183,16,Adolescentes,HOMBRE,SIN_DATO,SIN_DATO,1/10/2024,DESAPARECIDO,SIN_DATO,SIN_DATO,SIN_DATO
DMG,-2.21512,-79.90022,71,Personas de la tercera edad,HOMBRE,SIN_DATO,SIN_DATO,26/10/2024,DESAPARECIDO,SIN_DATO,SIN_DATO,SIN_DATO
DMG,-2.14317,-79.87945,15,Adolescentes,MUJER,SIN_DATO,SIN_DATO,14/10/2024,DESAPARECIDO,SIN_DATO,SIN_DATO,SIN_DATO
LOS RIOS,-1.01780,-79.46157,23,Jóvenes adultos,MUJER,SIN_DATO,SIN_DATO,29/10/2024,DESAPARECIDO,SIN_DATO,SIN_DATO,SIN_DATO
LOS RIOS,-1.80781,-79.52173,15,Adolescentes,MUJER,SIN_DATO,SIN_DATO,25/10/2024,DESAPARECIDO,SIN_DATO,SIN_DATO,SIN_DATO
CHIMBORAZO,-1.69602,-78.63290,16,Adolescentes,MUJER,SIN_DATO,SIN_DATO,18/10/2024,DESAPARECIDO,SIN_DATO,SIN_DATO,SIN_DATO
GUAYAS,-2.09873,-79.69187,92,Personas de la tercera edad,HOMBRE,SIN_DATO,SIN_DATO,24/10/2024,DESAPARECIDO,SIN_DATO,SIN_DATO,SIN_DATO
GUAYAS,-2.16432,-79.46145,22,Jóvenes adultos,HOMBRE,SIN_DATO,SIN_DATO,10/10/2024,DESAPARECIDO,SIN_DATO,SIN_DATO,SIN_DATO
SUCUMBIOS,-0.16840,-76.54321,5,Niños,HOMBRE,SIN_DATO,SIN_DATO,8/10/2024,DESAPARECIDO,SIN_DATO,SIN_DATO,SIN_DATO
DMG,-2.18733,-79.88638,16,Adolescentes,MUJER,SIN_DATO,SIN_DATO,21/10/2024,DESAPARECIDO,SIN_DATO,SIN_DATO,SIN_DATO
DMQ,-0.21069,-78.39560,12,Niños,MUJER,CAUSAS PERSONALES,RELACIÓN AFECTIVA,1/10/2024,ENCONTRADO,12/11/2024,-0.46167,-76.99311
DMG,-2.24339,-79.88953,14,Adolescentes,MUJER,SIN_DATO,SIN_DATO,5/10/2024,DESAPARECIDO,SIN_DATO,SIN_DATO,SIN_DATO
LOS RIOS,-0.72891,-79.47218,19,Jóvenes adultos,MUJER,SIN_DATO,SIN_DATO,29/10/2024,DESAPARECIDO,SIN_DATO,SIN_DATO,SIN_DATO
EL ORO,-3.25842,-79.93020,33,Adultos jóvenes,HOMBRE,SIN_DATO,SIN_DATO,9/10/2024,DESAPARECIDO,SIN_DATO,SIN_DATO,SIN_DATO
DMG,-2.12489,-80.00197,16,Adolescentes,HOMBRE,SIN_DATO,SIN_DATO,18/10/2024,DESAPARECIDO,SIN_DATO,SIN_DATO,SIN_DATO
DMQ,-0.09036,-78.51923,15,Adolescentes,MUJER,SIN_DATO,SIN_DATO,21/10/2024,DESAPARECIDO,SIN_DATO,SIN_DATO,SIN_DATO
LOJA,-3.99495,-79.20639,17,Adolescentes,MUJER,SIN_DATO,SIN_DATO,9/10/2024,DESAPARECIDO,SIN_DATO,SIN_DATO,SIN_DATO
DMG,-2.11609,-79.99899,36,Adultos,MUJER,SIN_DATO,SIN_DATO,24/10/2024,DESAPARECIDO,SIN_DATO,SIN_DATO,SIN_DATO
DMG,-2.16897,-79.83972,15,Adolescentes,HOMBRE,SIN_DATO,SIN_DATO,16/10/2024,DESAPARECIDO,SIN_DATO,SIN_DATO,SIN_DATO
DMG,-2.12939,-79.94902,32,Adultos jóvenes,HOMBRE,SIN_DATO,SIN_DATO,12/10/2024,DESAPARECIDO,SIN_DATO,SIN_DATO,SIN_DATO
DMQ,-0.28562,-78.56504,20,Jóvenes adultos,HOMBRE,SIN_DATO,SIN_DATO,22/10/2024,DESAPARECIDO,SIN_DATO,SIN_DATO,SIN_DATO
DMG,-2.12746,-79.88988,20,Jóvenes adultos,MUJER,SIN_DATO,SIN_DATO,31/10/2024,DESAPARECIDO,SIN_DATO,SIN_DATO,SIN_DATO
DMG,-2.10495,-79.93075,79,Personas de la tercera edad,HOMBRE,SIN_DATO,SIN_DATO,28/10/2024,DESAPARECIDO,SIN_DATO,SIN_DATO,SIN_DATO
CHIMBORAZO,-1.66377,-78.66142,27,Adultos jóvenes,MUJER,SIN_DATO,SIN_DATO,21/10/2024,DESAPARECIDO,SIN_DATO,SIN_DATO,SIN_DATO
DMG,-2.18281,-79.84508,17,Adolescentes,MUJER,SIN_DATO,SIN_DATO,30/10/2024,DESAPARECIDO,SIN_DATO,SIN_DATO,SIN_DATO